TCP,0.0.0.0:135,0.0.0.0:0,LISTENING,1092,InHost
TCP,0.0.0.0:445,0.0.0.0:0,LISTENING,4,InHost
TCP,0.0.0.0:902,0.0.0.0:0,LISTENING,5948,InHost
TCP,0.0.0.0:912,0.0.0.0:0,LISTENING,5948,InHost
TCP,0.0.0.0:5040,0.0.0.0:0,LISTENING,7272,InHost
TCP,0.0.0.0:7680,0.0.0.0:0,LISTENING,952,InHost
TCP,0.0.0.0:49664,0.0.0.0:0,LISTENING,884,InHost
TCP,0.0.0.0:49665,0.0.0.0:0,LISTENING,1928,InHost
TCP,0.0.0.0:49666,0.0.0.0:0,LISTENING,2156,InHost
TCP,0.0.0.0:49667,0.0.0.0:0,LISTENING,3448,InHost
TCP,0.0.0.0:49668,0.0.0.0:0,LISTENING,944,InHost
TCP,0.0.0.0:49672,0.0.0.0:0,LISTENING,932,InHost
TCP,0.0.0.0:54783,0.0.0.0:0,LISTENING,5632,InHost
TCP,0.0.0.0:54792,0.0.0.0:0,LISTENING,5632,InHost
TCP,0.0.0.0:57196,0.0.0.0:0,LISTENING,2900,InHost
TCP,0.0.0.0:57621,0.0.0.0:0,LISTENING,2900,InHost
TCP,127.0.0.1:12025,0.0.0.0:0,LISTENING,13900,InHost
TCP,127.0.0.1:12110,0.0.0.0:0,LISTENING,13900,InHost
TCP,127.0.0.1:12119,0.0.0.0:0,LISTENING,13900,InHost
TCP,127.0.0.1:12143,0.0.0.0:0,LISTENING,13900,InHost
TCP,127.0.0.1:12465,0.0.0.0:0,LISTENING,13900,InHost
TCP,127.0.0.1:12563,0.0.0.0:0,LISTENING,13900,InHost
TCP,127.0.0.1:12993,0.0.0.0:0,LISTENING,13900,InHost
TCP,127.0.0.1:12995,0.0.0.0:0,LISTENING,13900,InHost
TCP,127.0.0.1:27275,0.0.0.0:0,LISTENING,13900,InHost
TCP,127.0.0.1:56830,127.0.0.1:65001,ESTABLISHED,4672,InHost
TCP,127.0.0.1:57375,0.0.0.0:0,LISTENING,16132,InHost
TCP,127.0.0.1:57375,127.0.0.1:58934,ESTABLISHED,16132,InHost
TCP,127.0.0.1:57375,127.0.0.1:58938,ESTABLISHED,16132,InHost
TCP,127.0.0.1:57375,127.0.0.1:58943,ESTABLISHED,16132,InHost
TCP,127.0.0.1:57375,127.0.0.1:58949,ESTABLISHED,16132,InHost
TCP,127.0.0.1:57375,127.0.0.1:58951,ESTABLISHED,16132,InHost
TCP,127.0.0.1:57375,127.0.0.1:58955,ESTABLISHED,16132,InHost
TCP,127.0.0.1:58692,127.0.0.1:58693,ESTABLISHED,5948,InHost
TCP,127.0.0.1:58693,127.0.0.1:58692,ESTABLISHED,5948,InHost
TCP,127.0.0.1:58893,127.0.0.1:58894,ESTABLISHED,5632,InHost
TCP,127.0.0.1:58894,127.0.0.1:58893,ESTABLISHED,5632,InHost
TCP,127.0.0.1:58895,127.0.0.1:58896,ESTABLISHED,5632,InHost
TCP,127.0.0.1:58896,127.0.0.1:58895,ESTABLISHED,5632,InHost
TCP,127.0.0.1:58897,127.0.0.1:58898,ESTABLISHED,5632,InHost
TCP,127.0.0.1:58898,127.0.0.1:58897,ESTABLISHED,5632,InHost
TCP,127.0.0.1:58899,127.0.0.1:58900,ESTABLISHED,5632,InHost
TCP,127.0.0.1:58900,127.0.0.1:58899,ESTABLISHED,5632,InHost
TCP,127.0.0.1:58901,127.0.0.1:58902,ESTABLISHED,5632,InHost
TCP,127.0.0.1:58902,127.0.0.1:58901,ESTABLISHED,5632,InHost
TCP,127.0.0.1:58903,127.0.0.1:58904,ESTABLISHED,5632,InHost
TCP,127.0.0.1:58904,127.0.0.1:58903,ESTABLISHED,5632,InHost
TCP,127.0.0.1:58905,127.0.0.1:58906,ESTABLISHED,5632,InHost
TCP,127.0.0.1:58906,127.0.0.1:58905,ESTABLISHED,5632,InHost
TCP,127.0.0.1:58907,127.0.0.1:58908,ESTABLISHED,5632,InHost
TCP,127.0.0.1:58908,127.0.0.1:58907,ESTABLISHED,5632,InHost
TCP,127.0.0.1:58934,127.0.0.1:57375,ESTABLISHED,15012,InHost
TCP,127.0.0.1:58935,127.0.0.1:57375,TIME_WAIT,0,InHost
TCP,127.0.0.1:58938,127.0.0.1:57375,ESTABLISHED,15012,InHost
TCP,127.0.0.1:58943,127.0.0.1:57375,ESTABLISHED,15012,InHost
TCP,127.0.0.1:58949,127.0.0.1:57375,ESTABLISHED,15012,InHost
TCP,127.0.0.1:58951,127.0.0.1:57375,ESTABLISHED,15012,InHost
TCP,127.0.0.1:58955,127.0.0.1:57375,ESTABLISHED,15012,InHost
TCP,127.0.0.1:65000,0.0.0.0:0,LISTENING,4672,InHost
TCP,127.0.0.1:65001,0.0.0.0:0,LISTENING,4672,InHost
TCP,127.0.0.1:65001,127.0.0.1:56830,ESTABLISHED,4672,InHost
TCP,192.168.1.34:139,0.0.0.0:0,LISTENING,4,InHost
TCP,192.168.1.34:56839,13.89.220.65:443,ESTABLISHED,4576,InHost
TCP,192.168.1.34:56903,172.217.193.188:5228,ESTABLISHED,14208,InHost
TCP,192.168.1.34:56970,77.234.42.238:80,ESTABLISHED,13900,InHost
TCP,192.168.1.34:57070,13.89.220.65:443,ESTABLISHED,964,InHost
TCP,192.168.1.34:57186,104.154.127.109:4070,ESTABLISHED,2900,InHost
TCP,192.168.1.34:58535,199.59.150.10:443,ESTABLISHED,14208,InHost
TCP,192.168.1.34:58624,151.101.193.137:443,ESTABLISHED,14208,InHost
TCP,192.168.1.34:58656,23.32.76.34:443,CLOSE_WAIT,16044,InHost
TCP,192.168.1.34:58734,104.244.42.65:443,ESTABLISHED,14208,InHost
TCP,192.168.1.34:58742,104.244.46.39:443,ESTABLISHED,14208,InHost
TCP,192.168.1.34:58744,199.16.157.105:443,ESTABLISHED,14208,InHost
TCP,192.168.1.34:58747,104.244.42.66:443,ESTABLISHED,14208,InHost
TCP,192.168.1.34:58751,104.244.42.66:443,ESTABLISHED,14208,InHost
TCP,192.168.1.34:58846,35.190.55.236:443,ESTABLISHED,14208,InHost
TCP,192.168.1.34:58852,130.211.34.183:443,ESTABLISHED,14208,InHost
TCP,192.168.1.34:58859,72.21.91.70:443,ESTABLISHED,14208,InHost
TCP,192.168.1.34:58917,35.190.55.236:443,ESTABLISHED,14208,InHost
TCP,192.168.1.34:58944,40.77.229.199:443,TIME_WAIT,0,InHost
TCP,192.168.1.34:58947,40.79.70.158:443,TIME_WAIT,0,InHost
TCP,192.168.1.34:58952,190.98.167.34:80,TIME_WAIT,0,InHost
TCP,192.168.1.34:58953,40.77.229.199:443,ESTABLISHED,6892,InHost
TCP,192.168.1.34:58956,77.234.42.205:53,TIME_WAIT,0,InHost
TCP,192.168.1.34:58958,130.211.16.53:443,ESTABLISHED,14208,InHost
TCP,192.168.1.34:58962,77.234.42.84:80,TIME_WAIT,0,InHost
TCP,192.168.1.34:58963,77.234.42.56:80,TIME_WAIT,0,InHost
TCP,192.168.1.34:58966,13.107.51.254:443,ESTABLISHED,6860,InHost
TCP,192.168.1.34:58967,13.107.42.254:443,ESTABLISHED,6860,InHost
TCP,192.168.1.34:58970,13.107.21.200:443,ESTABLISHED,6860,InHost
TCP,192.168.1.34:58971,13.107.246.10:443,ESTABLISHED,6860,InHost
TCP,192.168.1.34:58972,204.79.197.222:443,ESTABLISHED,6860,InHost
TCP,192.168.1.34:58973,77.234.42.84:80,TIME_WAIT,0,InHost
TCP,192.168.43.1:139,0.0.0.0:0,LISTENING,4,InHost
TCP,192.168.222.1:139,0.0.0.0:0,LISTENING,4,InHost
TCP,[::]:135,[::]:0,LISTENING,1092,InHost
TCP,[::]:445,[::]:0,LISTENING,4,InHost
TCP,[::]:7680,[::]:0,LISTENING,952,InHost
TCP,[::]:49664,[::]:0,LISTENING,884,InHost
TCP,[::]:49665,[::]:0,LISTENING,1928,InHost
TCP,[::]:49666,[::]:0,LISTENING,2156,InHost
TCP,[::]:49667,[::]:0,LISTENING,3448,InHost
TCP,[::]:49668,[::]:0,LISTENING,944,InHost
TCP,[::]:49672,[::]:0,LISTENING,932,InHost
TCP,[::]:54783,[::]:0,LISTENING,5632,InHost
TCP,[::]:54792,[::]:0,LISTENING,5632,InHost
TCP,[::1]:12025,[::]:0,LISTENING,13900,InHost
TCP,[::1]:12110,[::]:0,LISTENING,13900,InHost
TCP,[::1]:12119,[::]:0,LISTENING,13900,InHost
TCP,[::1]:12143,[::]:0,LISTENING,13900,InHost
TCP,[::1]:12465,[::]:0,LISTENING,13900,InHost
TCP,[::1]:12563,[::]:0,LISTENING,13900,InHost
TCP,[::1]:12993,[::]:0,LISTENING,13900,InHost
TCP,[::1]:12995,[::]:0,LISTENING,13900,InHost
TCP,[::1]:27275,[::]:0,LISTENING,13900,InHost
TCP,[::1]:58650,[::1]:58651,ESTABLISHED,16044,InHost
TCP,[::1]:58651,[::1]:58650,ESTABLISHED,16044,InHost
UDP,0.0.0.0:500,*:*,none,3020,none
UDP,0.0.0.0:1900,*:*,none,2900,none
UDP,0.0.0.0:3702,*:*,none,3032,none
UDP,0.0.0.0:3702,*:*,none,3032,none
UDP,0.0.0.0:4500,*:*,none,3020,none
UDP,0.0.0.0:5050,*:*,none,7272,none
UDP,0.0.0.0:5353,*:*,none,14208,none
UDP,0.0.0.0:5353,*:*,none,14208,none
UDP,0.0.0.0:5353,*:*,none,14208,none
UDP,0.0.0.0:5353,*:*,none,14208,none
UDP,0.0.0.0:5353,*:*,none,14208,none
UDP,0.0.0.0:5353,*:*,none,2580,none
UDP,0.0.0.0:5353,*:*,none,14208,none
UDP,0.0.0.0:5355,*:*,none,2580,none
UDP,0.0.0.0:49980,*:*,none,12500,none
UDP,0.0.0.0:50300,*:*,none,14208,none
UDP,0.0.0.0:52078,*:*,none,14208,none
UDP,0.0.0.0:55908,*:*,none,13900,none
UDP,0.0.0.0:57621,*:*,none,2900,none
UDP,0.0.0.0:61141,*:*,none,14208,none
UDP,0.0.0.0:61926,*:*,none,3032,none
UDP,0.0.0.0:62310,*:*,none,14208,none
UDP,0.0.0.0:63235,*:*,none,4672,none
UDP,0.0.0.0:64683,*:*,none,3032,none
UDP,127.0.0.1:1900,*:*,none,3252,none
UDP,127.0.0.1:48401,*:*,none,16132,none
UDP,127.0.0.1:50948,*:*,none,4672,none
UDP,127.0.0.1:50949,*:*,none,4672,none
UDP,127.0.0.1:50950,*:*,none,4672,none
UDP,127.0.0.1:52316,*:*,none,5144,none
UDP,127.0.0.1:53217,*:*,none,16132,none
UDP,127.0.0.1:53220,*:*,none,16132,none
UDP,127.0.0.1:53221,*:*,none,13116,none
UDP,127.0.0.1:53222,*:*,none,15012,none
UDP,127.0.0.1:54194,*:*,none,16132,none
UDP,127.0.0.1:55906,*:*,none,13900,none
UDP,127.0.0.1:58440,*:*,none,444,none
UDP,127.0.0.1:61466,*:*,none,8244,none
UDP,127.0.0.1:63204,*:*,none,3252,none
UDP,127.0.0.1:64794,*:*,none,16132,none
UDP,127.0.0.1:64795,*:*,none,16132,none
UDP,127.0.0.1:65000,*:*,none,4672,none
UDP,192.168.1.34:137,*:*,none,4,none
UDP,192.168.1.34:138,*:*,none,4,none
UDP,192.168.1.34:1900,*:*,none,3252,none
UDP,192.168.1.34:5353,*:*,none,4672,none
UDP,192.168.1.34:63201,*:*,none,3252,none
UDP,192.168.43.1:137,*:*,none,4,none
UDP,192.168.43.1:138,*:*,none,4,none
UDP,192.168.43.1:1900,*:*,none,3252,none
UDP,192.168.43.1:5353,*:*,none,4672,none
UDP,192.168.43.1:63203,*:*,none,3252,none
UDP,192.168.222.1:137,*:*,none,4,none
UDP,192.168.222.1:138,*:*,none,4,none
UDP,192.168.222.1:1900,*:*,none,3252,none
UDP,192.168.222.1:5353,*:*,none,4672,none
UDP,192.168.222.1:63202,*:*,none,3252,none
UDP,[::]:500,*:*,none,3020,none
UDP,[::]:3702,*:*,none,3032,none
UDP,[::]:3702,*:*,none,3032,none
UDP,[::]:4500,*:*,none,3020,none
UDP,[::]:5353,*:*,none,14208,none
UDP,[::]:5353,*:*,none,2580,none
UDP,[::]:5353,*:*,none,14208,none
UDP,[::]:5353,*:*,none,14208,none
UDP,[::]:5355,*:*,none,2580,none
UDP,[::]:49980,*:*,none,12500,none
UDP,[::]:61927,*:*,none,3032,none
UDP,[::]:63236,*:*,none,4672,none
UDP,[::]:64684,*:*,none,3032,none
UDP,[::1]:1900,*:*,none,3252,none
UDP,[::1]:5353,*:*,none,4672,none
UDP,[::1]:63200,*:*,none,3252,none
UDP,[fe80::103e:6d48:6a90:8b8c%19]:1900,*:*,none,3252,none
UDP,[fe80::103e:6d48:6a90:8b8c%19]:63199,*:*,none,3252,none
UDP,[fe80::c1e0:910e:eb07:65a2%20]:1900,*:*,none,3252,none
UDP,[fe80::c1e0:910e:eb07:65a2%20]:63197,*:*,none,3252,none
UDP,[fe80::dd48:69cf:ec4f:a483%3]:1900,*:*,none,3252,none
UDP,[fe80::dd48:69cf:ec4f:a483%3]:63198,*:*,none,3252,none
