TCP,0.0.0.0:135,0.0.0.0:0,LISTENING,672,InHost,0
TCP,0.0.0.0:445,0.0.0.0:0,LISTENING,4,InHost,1
TCP,0.0.0.0:5040,0.0.0.0:0,LISTENING,892,InHost,0
TCP,0.0.0.0:49664,0.0.0.0:0,LISTENING,852,InHost,1
TCP,0.0.0.0:49665,0.0.0.0:0,LISTENING,1300,InHost,0
TCP,0.0.0.0:49666,0.0.0.0:0,LISTENING,1816,InHost,1
TCP,0.0.0.0:49667,0.0.0.0:0,LISTENING,3320,InHost,0
TCP,0.0.0.0:49670,0.0.0.0:0,LISTENING,928,InHost,1
TCP,0.0.0.0:49671,0.0.0.0:0,LISTENING,948,InHost,0
TCP,127.0.0.1:12025,0.0.0.0:0,LISTENING,3100,InHost,0
TCP,127.0.0.1:12110,0.0.0.0:0,LISTENING,3100,InHost,0
TCP,127.0.0.1:12119,0.0.0.0:0,LISTENING,3100,InHost,1
TCP,127.0.0.1:12143,0.0.0.0:0,LISTENING,3100,InHost,1
TCP,127.0.0.1:12465,0.0.0.0:0,LISTENING,3100,InHost,1
TCP,127.0.0.1:12563,0.0.0.0:0,LISTENING,3100,InHost,1
TCP,127.0.0.1:12993,0.0.0.0:0,LISTENING,3100,InHost,0
TCP,127.0.0.1:12995,0.0.0.0:0,LISTENING,3100,InHost,0
TCP,127.0.0.1:27275,0.0.0.0:0,LISTENING,3100,InHost,0
TCP,127.0.0.1:51388,0.0.0.0:0,LISTENING,1388,InHost,0
TCP,127.0.0.1:51388,127.0.0.1:51391,ESTABLISHED,1388,InHost,1
TCP,127.0.0.1:51391,127.0.0.1:51388,ESTABLISHED,9240,InHost,1
TCP,192.168.0.109:139,0.0.0.0:0,LISTENING,4,InHost,1
TCP,192.168.1.34:139,0.0.0.0:0,LISTENING,4,InHost,1
TCP,192.168.1.34:49722,52.173.28.179:443,ESTABLISHED,3700,InHost,0
TCP,192.168.1.34:49759,52.165.170.112:443,ESTABLISHED,8628,InHost,0
TCP,192.168.1.34:49774,77.234.42.239:80,ESTABLISHED,3100,InHost,0
TCP,192.168.1.34:51002,104.244.42.193:443,ESTABLISHED,8116,InHost,0
TCP,192.168.1.34:51118,77.234.44.64:443,CLOSE_WAIT,3100,InHost,1
TCP,192.168.1.34:51156,108.177.13.188:5228,ESTABLISHED,8116,InHost,1
TCP,192.168.1.34:51170,169.44.82.101:443,ESTABLISHED,8116,InHost,1
TCP,192.168.1.34:51195,104.244.42.66:443,ESTABLISHED,8116,InHost,1
TCP,192.168.1.34:51196,104.244.42.66:443,ESTABLISHED,8116,InHost,0
TCP,192.168.1.34:51204,104.244.46.71:443,ESTABLISHED,8116,InHost,0
TCP,192.168.1.34:51213,151.101.6.164:443,ESTABLISHED,8116,InHost,0
TCP,192.168.1.34:51214,104.244.42.200:443,ESTABLISHED,8116,InHost,0
UDP,192.168.1.34:51118,77.234.44.64:443,CLOSE_WAIT,3100,InHost,1
UDP,192.168.1.34:51213,151.101.6.164:443,ESTABLISHED,8116,InHost,0
UDP,192.168.1.34:49774,77.234.42.239:80,ESTABLISHED,3100,InHost,0