TCP,0.0.0.0:135,0.0.0.0:0,LISTENING,712,InHost
TCP,0.0.0.0:445,0.0.0.0:0,LISTENING,4,InHost
TCP,0.0.0.0:902,0.0.0.0:0,LISTENING,5496,InHost
TCP,0.0.0.0:912,0.0.0.0:0,LISTENING,5496,InHost
TCP,0.0.0.0:5040,0.0.0.0:0,LISTENING,7952,InHost
TCP,0.0.0.0:49664,0.0.0.0:0,LISTENING,864,InHost
TCP,0.0.0.0:49665,0.0.0.0:0,LISTENING,1316,InHost
TCP,0.0.0.0:49666,0.0.0.0:0,LISTENING,1644,InHost
TCP,0.0.0.0:49667,0.0.0.0:0,LISTENING,3912,InHost
TCP,0.0.0.0:49671,0.0.0.0:0,LISTENING,960,InHost
TCP,0.0.0.0:49690,0.0.0.0:0,LISTENING,940,InHost
TCP,127.0.0.1:27275,0.0.0.0:0,LISTENING,3396,InHost
TCP,127.0.0.1:65000,0.0.0.0:0,LISTENING,4652,InHost
TCP,192.168.1.53:139,0.0.0.0:0,LISTENING,4,InHost
TCP,192.168.1.53:49984,13.107.246.254:443,ESTABLISHED,13144,InHost
TCP,192.168.1.53:49985,13.107.49.254:443,ESTABLISHED,13144,InHost
TCP,192.168.1.53:51470,77.234.44.63:443,CLOSE_WAIT,3396,InHost
TCP,192.168.1.53:51898,192.30.253.124:443,ESTABLISHED,8540,InHost
TCP,192.168.1.53:52029,52.173.28.179:443,ESTABLISHED,9656,InHost
TCP,192.168.1.53:52042,13.89.187.212:443,ESTABLISHED,4688,InHost
TCP,192.168.1.53:52063,77.234.42.40:80,ESTABLISHED,3396,InHost
TCP,192.168.1.53:52076,173.194.209.188:5228,ESTABLISHED,8540,InHost
TCP,192.168.1.53:52112,35.190.55.236:443,ESTABLISHED,8540,InHost
TCP,192.168.1.53:52121,40.77.228.47:443,TIME_WAIT,0,InHost
TCP,192.168.1.53:52124,35.186.224.53:443,TIME_WAIT,0,InHost
TCP,192.168.1.53:52125,35.186.224.53:443,TIME_WAIT,0,InHost
TCP,192.168.1.53:52126,35.186.224.53:443,TIME_WAIT,0,InHost
TCP,192.168.1.53:52127,35.186.224.53:443,TIME_WAIT,0,InHost
TCP,192.168.1.53:52128,35.186.224.53:443,TIME_WAIT,0,InHost
TCP,192.168.1.53:52137,40.83.182.206:443,ESTABLISHED,7684,InHost
TCP,192.168.1.53:52138,40.83.182.206:443,ESTABLISHED,7684,InHost
TCP,192.168.1.53:52140,40.77.228.47:443,ESTABLISHED,6492,InHost
TCP,192.168.43.1:139,0.0.0.0:0,LISTENING,4,InHost
TCP,192.168.222.1:139,0.0.0.0:0,LISTENING,4,InHost
TCP,[::]:135,[::]:0,LISTENING,712,InHost
TCP,[::]:445,[::]:0,LISTENING,4,InHost
TCP,[::]:49664,[::]:0,LISTENING,864,InHost
TCP,[::]:49665,[::]:0,LISTENING,1316,InHost
TCP,[::]:49666,[::]:0,LISTENING,1644,InHost
TCP,[::]:49667,[::]:0,LISTENING,3912,InHost
TCP,[::]:49671,[::]:0,LISTENING,960,InHost
TCP,[::]:49690,[::]:0,LISTENING,940,InHost
TCP,[::1]:27275,[::]:0,LISTENING,3396,InHost
UDP,0.0.0.0:500,*:*,none,4268,none
UDP,0.0.0.0:3702,*:*,none,2220,none
UDP,0.0.0.0:3702,*:*,none,2220,none
UDP,0.0.0.0:4500,*:*,none,4268,none
UDP,0.0.0.0:5050,*:*,none,7952,none
UDP,0.0.0.0:5353,*:*,none,8540,none
UDP,0.0.0.0:5353,*:*,none,8540,none
UDP,0.0.0.0:5353,*:*,none,8540,none
UDP,0.0.0.0:5353,*:*,none,8540,none
UDP,0.0.0.0:5353,*:*,none,8540,none
UDP,0.0.0.0:5353,*:*,none,8540,none
UDP,0.0.0.0:5353,*:*,none,2988,none
UDP,0.0.0.0:5355,*:*,none,2988,none
UDP,0.0.0.0:51657,*:*,none,8496,none
UDP,0.0.0.0:58493,*:*,none,8540,none
UDP,0.0.0.0:61768,*:*,none,2220,none
UDP,127.0.0.1:1900,*:*,none,3632,none
UDP,127.0.0.1:52248,*:*,none,4652,none
UDP,127.0.0.1:52249,*:*,none,4652,none
UDP,127.0.0.1:52250,*:*,none,4652,none
UDP,127.0.0.1:53803,*:*,none,4232,none
UDP,127.0.0.1:57547,*:*,none,4800,none
UDP,127.0.0.1:57548,*:*,none,5760,none
UDP,127.0.0.1:63860,*:*,none,3632,none
UDP,127.0.0.1:65000,*:*,none,4652,none
UDP,192.168.1.53:137,*:*,none,4,none
UDP,192.168.1.53:138,*:*,none,4,none
UDP,192.168.1.53:1900,*:*,none,3632,none
UDP,192.168.1.53:63859,*:*,none,3632,none
UDP,192.168.43.1:137,*:*,none,4,none
UDP,192.168.43.1:138,*:*,none,4,none
UDP,192.168.43.1:1900,*:*,none,3632,none
UDP,192.168.43.1:63858,*:*,none,3632,none
UDP,192.168.222.1:137,*:*,none,4,none
UDP,192.168.222.1:138,*:*,none,4,none
UDP,192.168.222.1:1900,*:*,none,3632,none
UDP,192.168.222.1:63857,*:*,none,3632,none
UDP,[::]:500,*:*,none,4268,none
UDP,[::]:3702,*:*,none,2220,none
UDP,[::]:3702,*:*,none,2220,none
UDP,[::]:4500,*:*,none,4268,none
UDP,[::]:5353,*:*,none,2988,none
UDP,[::]:5353,*:*,none,8540,none
UDP,[::]:5353,*:*,none,8540,none
UDP,[::]:5353,*:*,none,8540,none
UDP,[::]:5355,*:*,none,2988,none
UDP,[::]:51657,*:*,none,8496,none
UDP,[::]:61769,*:*,none,2220,none
UDP,[::1]:1900,*:*,none,3632,none
UDP,[::1]:63856,*:*,none,3632,none
UDP,[fe80::103e:6d48:6a90:8b8c%19]:1900,*:*,none,3632,none
UDP,[fe80::103e:6d48:6a90:8b8c%19]:63854,*:*,none,3632,none
UDP,[fe80::a1b0:84b0:8c37:6a87%16]:1900,*:*,none,3632,none
UDP,[fe80::a1b0:84b0:8c37:6a87%16]:63855,*:*,none,3632,none
UDP,[fe80::dd48:69cf:ec4f:a483%3]:1900,*:*,none,3632,none
UDP,[fe80::dd48:69cf:ec4f:a483%3]:63853,*:*,none,3632,none
TCP,1.0.0.0:445,1.0.0.0:0,SYN_SENT,4,InHost
TCP,2.0.0.0:445,2.0.0.0:0,SYN_RECEIVED,4,InHost
TCP,4.0.0.0:445,4.0.0.0:0,FIN_WAIT_1,4,InHost
TCP,5.0.0.0:445,5.0.0.0:0,FIN_WAIT_2,4,InHost
TCP,7.0.0.0:445,7.0.0.0:0,CLOSING,4,InHost
TCP,8.0.0.0:445,8.0.0.0:0,LAST_ACK,4,InHost
TCP,9.0.0.0:445,9.0.0.0:0,TIME_WAIT,4,InHost
