"'""System Idle Process""",0,Services,0,8 K,Unknown,NT AUTHORITY\\SYSTEM,16:01:40,N/A ,Malign
System,4,Services,0,"3,756 K",Unknown,N/A,0:05:52,N/A ,Benign
Registry,120,Services,0,"18,288 K",Unknown,N/A,0:00:01,N/A ,Malign
smss.exe,576,Services,0,"1,112 K",Unknown,N/A,0:00:00,N/A ,Benign
csrss.exe,744,Services,0,"4,296 K",Unknown,N/A,0:00:01,N/A ,Malign
wininit.exe,848,Services,0,"5,016 K",Unknown,N/A,0:00:00,N/A ,Benign
csrss.exe,856,Console,1,"5,456 K",Running,N/A,0:00:23,N/A ,Malign
services.exe,924,Services,0,"8,520 K",Unknown,N/A,0:00:04,N/A ,Benign
lsass.exe,968,Services,0,"14,624 K",Unknown,N/A,0:00:04,N/A ,Malign
svchost.exe,424,Services,0,"3,236 K",Unknown,N/A,0:00:00,N/A ,Benign
svchost.exe,456,Services,0,"26,188 K",Unknown,N/A,0:00:06,N/A ,Malign
fontdrvhost.exe,500,Services,0,"2,596 K",Unknown,N/A,0:00:00,N/A ,Benign
winlogon.exe,724,Console,1,"10,972 K",Unknown,N/A,0:00:00,N/A ,Malign
fontdrvhost.exe,1048,Console,1,"7,048 K",Unknown,N/A,0:00:00,N/A ,Benign
svchost.exe,1084,Services,0,"11,812 K",Unknown,N/A,0:00:07,N/A ,Malign
svchost.exe,1128,Services,0,"7,056 K",Unknown,N/A,0:00:00,N/A ,Benign
dwm.exe,1200,Console,1,"67,720 K",Running,N/A,0:02:49,DWM Notification Window ,Malign
svchost.exe,1372,Services,0,"8,752 K",Unknown,N/A,0:00:00,N/A ,Benign
svchost.exe,1428,Services,0,"6,500 K",Unknown,N/A,0:00:00,N/A ,Malign
svchost.exe,1544,Services,0,"13,532 K",Unknown,N/A,0:00:01,N/A ,Benign
svchost.exe,1592,Services,0,"8,784 K",Unknown,N/A,0:00:00,N/A ,Malign
svchost.exe,1640,Services,0,"96,972 K",Unknown,N/A,0:01:36,N/A ,Benign
svchost.exe,1648,Services,0,"5,024 K",Unknown,N/A,0:00:00,N/A ,Malign
svchost.exe,1692,Services,0,"8,192 K",Unknown,N/A,0:00:00,N/A ,Benign
svchost.exe,1744,Services,0,"17,236 K",Unknown,N/A,0:00:01,N/A ,Malign
svchost.exe,1752,Services,0,"6,044 K",Unknown,N/A,0:00:00,N/A ,Benign
svchost.exe,1760,Services,0,"13,032 K",Unknown,N/A,0:00:02,N/A ,Malign
svchost.exe,1776,Services,0,"9,968 K",Unknown,N/A,0:00:00,N/A ,Benign
svchost.exe,1784,Services,0,"6,940 K",Unknown,N/A,0:00:00,N/A ,Malign
Memory Compression,1808,Services,0,"150,796 K",Unknown,N/A,0:00:06,N/A ,Benign
svchost.exe,2036,Services,0,"8,364 K",Unknown,N/A,0:00:00,N/A ,Malign
svchost.exe,1124,Services,0,"10,692 K",Unknown,N/A,0:00:00,N/A ,Benign
igfxCUIService.exe,1476,Services,0,"6,212 K",Unknown,N/A,0:00:00,N/A ,Malign
svchost.exe,2076,Services,0,"6,620 K",Unknown,N/A,0:00:00,N/A ,Benign
svchost.exe,2084,Services,0,"6,580 K",Unknown,N/A,0:00:01,N/A ,Malign
svchost.exe,2176,Services,0,"7,392 K",Unknown,N/A,0:00:00,N/A ,Malign
svchost.exe,2224,Services,0,"6,936 K",Unknown,N/A,0:00:00,N/A ,Benign
svchost.exe,2232,Services,0,"13,884 K",Unknown,N/A,0:00:00,N/A ,Malign
svchost.exe,2336,Services,0,"11,000 K",Unknown,N/A,0:00:00,N/A ,Benign
svchost.exe,2384,Services,0,"14,640 K",Unknown,N/A,0:00:00,N/A ,Malign
svchost.exe,2424,Services,0,"8,496 K",Unknown,N/A,0:00:00,N/A ,Benign
svchost.exe,2520,Services,0,"12,212 K",Unknown,N/A,0:00:02,N/A ,Malign
svchost.exe,2528,Services,0,"11,040 K",Unknown,N/A,0:00:00,N/A ,Benign
svchost.exe,2536,Services,0,"5,836 K",Unknown,N/A,0:00:00,N/A ,Malign
svchost.exe,2544,Services,0,"7,772 K",Unknown,N/A,0:00:01,N/A ,Benign
svchost.exe,2692,Services,0,"6,728 K",Unknown,N/A,0:00:00,N/A ,Malign
svchost.exe,2776,Services,0,"12,960 K",Unknown,N/A,0:00:00,N/A ,Benign
svchost.exe,2848,Services,0,"10,336 K",Unknown,N/A,0:00:00,N/A ,Malign
AVGSvc.exe,2860,Services,0,"162,752 K",Unknown,N/A,0:01:10,N/A ,Benign
svchost.exe,2904,Services,0,"5,960 K",Unknown,N/A,0:00:00,N/A ,Malign
svchost.exe,2944,Services,0,"5,184 K",Unknown,N/A,0:00:00,N/A ,Benign
dasHost.exe,3016,Services,0,"9,076 K",Unknown,N/A,0:00:00,N/A ,Malign
svchost.exe,3068,Services,0,"7,084 K",Unknown,N/A,0:00:00,N/A ,Benign
svchost.exe,2444,Services,0,"8,120 K",Unknown,N/A,0:00:00,N/A ,Malign
svchost.exe,3176,Services,0,"6,716 K",Unknown,N/A,0:00:00,N/A ,Benign
svchost.exe,3292,Services,0,"12,308 K",Unknown,N/A,0:00:00,N/A ,Malign
spoolsv.exe,3692,Services,0,"10,856 K",Unknown,N/A,0:00:00,N/A ,Benign
svchost.exe,3740,Services,0,"7,144 K",Unknown,N/A,0:00:00,N/A ,Malign
svchost.exe,3800,Services,0,"6,636 K",Unknown,N/A,0:00:00,N/A ,Benign
svchost.exe,3808,Services,0,"5,720 K",Unknown,N/A,0:00:00,N/A ,Malign
afwServ.exe,3816,Services,0,"30,648 K",Unknown,N/A,0:00:03,N/A ,Benign
armsvc.exe,3796,Services,0,"5,636 K",Unknown,N/A,0:00:00,N/A ,Malign
DolbyDAX2API.exe,732,Services,0,"23,692 K",Unknown,N/A,0:00:01,N/A ,Benign
svchost.exe,1472,Services,0,"13,764 K",Unknown,N/A,0:00:05,N/A ,Malign
svchost.exe,3648,Services,0,"24,208 K",Unknown,N/A,0:00:02,N/A ,Benign
ibtsiva.exe,3980,Services,0,"3,456 K",Unknown,N/A,0:00:00,N/A ,Malign
svchost.exe,4012,Services,0,"11,564 K",Unknown,N/A,0:00:01,N/A ,Malign
svchost.exe,4028,Services,0,"6,480 K",Unknown,N/A,0:00:00,N/A ,Benign
OfficeClickToRun.exe,4016,Services,0,"35,500 K",Unknown,N/A,0:00:02,N/A ,Malign
svchost.exe,3996,Services,0,"31,124 K",Unknown,N/A,0:00:07,N/A ,Benign
svchost.exe,4032,Services,0,"18,596 K",Unknown,N/A,0:00:00,N/A ,Malign
SecurityHealthService.exe,4084,Services,0,"11,772 K",Unknown,N/A,0:00:00,N/A ,Benign
svchost.exe,4088,Services,0,"5,408 K",Unknown,N/A,0:00:00,N/A ,Malign
HidMonitorSvc.exe,4036,Services,0,"4,064 K",Unknown,N/A,0:00:00,N/A ,Benign
svchost.exe,4100,Services,0,"4,752 K",Unknown,N/A,0:00:00,N/A ,Malign
svchost.exe,4116,Services,0,"7,632 K",Unknown,N/A,0:00:00,N/A ,Benign
svchost.exe,4376,Services,0,"5,860 K",Unknown,N/A,0:00:00,N/A ,Malign
svchost.exe,4456,Services,0,"4,524 K",Unknown,N/A,0:00:00,N/A ,Benign
svchost.exe,4592,Services,0,"10,596 K",Unknown,N/A,0:00:00,N/A ,Malign
svchost.exe,4772,Services,0,"10,384 K",Unknown,N/A,0:00:00,N/A ,Benign
svchost.exe,5260,Services,0,"4,556 K",Unknown,N/A,0:00:00,N/A ,Malign
svchost.exe,5332,Services,0,"7,080 K",Unknown,N/A,0:00:00,N/A ,Benign
svchost.exe,5588,Services,0,"9,312 K",Unknown,N/A,0:00:00,N/A ,Malign
svchost.exe,5212,Services,0,"6,108 K",Unknown,N/A,0:00:00,N/A ,Benign
svchost.exe,5568,Services,0,"6,988 K",Unknown,N/A,0:00:00,N/A ,Malign
aswidsagenta.exe,6152,Services,0,"38,312 K",Unknown,N/A,0:00:29,N/A ,Benign
svchost.exe,6192,Services,0,"8,684 K",Unknown,N/A,0:00:00,N/A ,Malign
,,,,,,,,,
,,,,,,,,,
,,,,,,,,,
,,,,,,,,,
,,,,,,,,,
,,,,,,,,,
,,,,,,,,,
,,,,,,,,,
,,,,,,,,,
,,,,,,,,,
,,,,,,,,,
,,,,,,,,,
,,,,,,,,,
,,,,,,,,,
,,,,,,,,,
,,,,,,,,,
,,,,,,,,,
,,,,,,,,,
,,,,,,,,,
,,,,,,,,,
,,,,,,,,,
,,,,,,,,,
,,,,,,,,,
,,,,,,,,,
,,,,,,,,,
,,,,,,,,,
,,,,,,,,,
,,,,,,,,,
,,,,,,,,,
,,,,,,,,,
,,,,,,,,,
,,,,,,,,,
,,,,,,,,,
,,,,,,,,,
,,,,,,,,,
,,,,,,,,,
,,,,,,,,,
,,,,,,,,,
,,,,,,,,,
,,,,,,,,,
,,,,,,,,,
,,,,,,,,,
,,,,,,,,,
,,,,,,,,,
,,,,,,,,,
,,,,,,,,,
,,,,,,,,,
,,,,,,,,,
,,,,,,,,,
,,,,,,,,,
,,,,,,,,,
,,,,,,,,,
,,,,,,,,,
,,,,,,,,,
,,,,,,,,,
,,,,,,,,,
,,,,,,,,,
,,,,,,,,,
,,,,,,,,,
,,,,,,,,,
,,,,,,,,,
,,,,,,,,,
,,,,,,,,,
,,,,,,,,,
,,,,,,,,,
,,,,,,,,,
,,,,,,,,,
,,,,,,,,,
,,,,,,,,,
,,,,,,,,,
,,,,,,,,,
,,,,,,,,,
,,,,,,,,,
,,,,,,,,,
,,,,,,,,,
,,,,,,,,,
,,,,,,,,,
,,,,,,,,,
,,,,,,,,,
,,,,,,,,,
,,,,,,,,,
,,,,,,,,,
,,,,,,,,,
,,,,,,,,,
,,,,,,,,,
,,,,,,,,,
,,,,,,,,,
,,,,,,,,,
,,,,,,,,,
,,,,,,,,,
,,,,,,,,,
,,,,,,,,,
',,,,,,,,,