TCP,0.0.0.0:135,0.0.0.0:0,LISTENING,1092,InHost,0
TCP,0.0.0.0:445,0.0.0.0:0,LISTENING,4,InHost,0
TCP,0.0.0.0:902,0.0.0.0:0,LISTENING,5948,InHost,0
TCP,0.0.0.0:912,0.0.0.0:0,LISTENING,5948,InHost,0
TCP,0.0.0.0:5040,0.0.0.0:0,LISTENING,7272,InHost,0
TCP,0.0.0.0:36014,0.0.0.0:0,LISTENING,1504,InHost,0
TCP,0.0.0.0:49664,0.0.0.0:0,LISTENING,884,InHost,0
TCP,0.0.0.0:49665,0.0.0.0:0,LISTENING,1928,InHost,0
TCP,0.0.0.0:49666,0.0.0.0:0,LISTENING,2156,InHost,0
TCP,0.0.0.0:49667,0.0.0.0:0,LISTENING,3448,InHost,0
TCP,0.0.0.0:49668,0.0.0.0:0,LISTENING,944,InHost,0
TCP,0.0.0.0:49672,0.0.0.0:0,LISTENING,932,InHost,0
TCP,0.0.0.0:57196,0.0.0.0:0,LISTENING,2900,InHost,0
TCP,0.0.0.0:57621,0.0.0.0:0,LISTENING,2900,InHost,0
TCP,0.0.0.0:61757,0.0.0.0:0,LISTENING,11016,InHost,0
TCP,0.0.0.0:62579,0.0.0.0:0,LISTENING,11016,InHost,0
TCP,127.0.0.1:27275,0.0.0.0:0,LISTENING,13900,InHost,0
TCP,127.0.0.1:56830,127.0.0.1:65001,ESTABLISHED,4672,InHost,0
TCP,127.0.0.1:57375,0.0.0.0:0,LISTENING,16132,InHost,0
TCP,127.0.0.1:57375,127.0.0.1:59551,ESTABLISHED,16132,InHost,0
TCP,127.0.0.1:59551,127.0.0.1:57375,ESTABLISHED,15012,InHost,0
TCP,127.0.0.1:61702,0.0.0.0:0,LISTENING,13836,InHost,0
TCP,127.0.0.1:61702,127.0.0.1:61703,ESTABLISHED,13836,InHost,0
TCP,127.0.0.1:61703,127.0.0.1:61702,ESTABLISHED,13836,InHost,0
TCP,127.0.0.1:65000,0.0.0.0:0,LISTENING,4672,InHost,0
TCP,127.0.0.1:65001,0.0.0.0:0,LISTENING,4672,InHost,0
TCP,127.0.0.1:65001,127.0.0.1:56830,ESTABLISHED,4672,InHost,0
TCP,127.0.0.1:65033,0.0.0.0:0,LISTENING,13836,InHost,0
TCP,127.0.0.1:65033,127.0.0.1:65034,ESTABLISHED,13836,InHost,0
TCP,127.0.0.1:65034,127.0.0.1:65033,ESTABLISHED,13836,InHost,0
TCP,192.168.1.34:139,0.0.0.0:0,LISTENING,4,InHost,0
TCP,192.168.1.34:49317,212.178.135.62:50321,ESTABLISHED,11016,InHost,0
TCP,192.168.1.34:51755,23.14.41.15:443,CLOSE_WAIT,6860,InHost,0
TCP,192.168.1.34:51793,23.57.12.93:443,CLOSE_WAIT,6860,InHost,0
TCP,192.168.1.34:51865,40.77.226.13:443,ESTABLISHED,6892,InHost,0
TCP,192.168.1.34:52764,176.25.225.219:50321,ESTABLISHED,11016,InHost,0
TCP,192.168.1.34:55064,156.220.33.104:50321,FIN_WAIT_1,11016,InHost,0
TCP,192.168.1.34:56141,35.58.18.243:65365,TIME_WAIT,0,InHost,0
TCP,192.168.1.34:56839,13.89.220.65:443,ESTABLISHED,4576,InHost,0
TCP,192.168.1.34:56903,172.217.193.188:5228,ESTABLISHED,14208,InHost,0
TCP,192.168.1.34:56970,77.234.42.238:80,ESTABLISHED,13900,InHost,0
TCP,192.168.1.34:57070,13.89.220.65:443,ESTABLISHED,964,InHost,0
TCP,192.168.1.34:57186,104.154.127.109:4070,ESTABLISHED,2900,InHost,0
TCP,192.168.1.34:57629,105.228.101.234:50495,LAST_ACK,11016,InHost,0
TCP,192.168.1.34:57766,107.15.233.28:50321,TIME_WAIT,0,InHost,0
TCP,192.168.1.34:57778,84.25.12.135:50321,TIME_WAIT,0,InHost,0
TCP,192.168.1.34:57820,62.78.239.22:50321,TIME_WAIT,0,InHost,0
TCP,192.168.1.34:57821,71.210.148.58:50321,TIME_WAIT,0,InHost,0
TCP,192.168.1.34:57843,69.80.38.122:50321,TIME_WAIT,0,InHost,0
TCP,192.168.1.34:57873,169.0.205.81:50321,TIME_WAIT,0,InHost,0
TCP,192.168.1.34:57887,89.210.184.67:50321,TIME_WAIT,0,InHost,0
TCP,192.168.1.34:57906,24.200.170.125:50321,TIME_WAIT,0,InHost,0
TCP,192.168.1.34:57908,54.171.56.222:8108,TIME_WAIT,0,InHost,0
TCP,192.168.1.34:57910,64.231.254.235:50321,TIME_WAIT,0,InHost,0
TCP,192.168.1.34:57912,175.137.164.155:50322,TIME_WAIT,0,InHost,0
TCP,192.168.1.34:57918,47.42.128.161:50321,TIME_WAIT,0,InHost,0
TCP,192.168.1.34:58016,189.228.108.48:50321,TIME_WAIT,0,InHost,0
TCP,192.168.1.34:58018,72.23.220.39:50321,TIME_WAIT,0,InHost,0
TCP,192.168.1.34:58067,196.125.157.163:50321,TIME_WAIT,0,InHost,0
TCP,192.168.1.34:58068,47.132.1.99:50321,TIME_WAIT,0,InHost,0
TCP,192.168.1.34:58071,62.78.239.22:50321,TIME_WAIT,0,InHost,0
TCP,192.168.1.34:58095,18.184.78.74:8108,TIME_WAIT,0,InHost,0
TCP,192.168.1.34:58097,184.59.157.24:50321,TIME_WAIT,0,InHost,0
TCP,192.168.1.34:58103,89.210.184.67:50321,TIME_WAIT,0,InHost,0
TCP,192.168.1.34:58154,24.200.170.125:50321,TIME_WAIT,0,InHost,0
TCP,192.168.1.34:58156,54.202.159.88:8108,TIME_WAIT,0,InHost,0
TCP,192.168.1.34:58158,72.39.137.142:50321,TIME_WAIT,0,InHost,0
TCP,192.168.1.34:58171,154.237.186.134:50321,TIME_WAIT,0,InHost,0
TCP,192.168.1.34:58207,71.75.227.201:50321,TIME_WAIT,0,InHost,0
TCP,192.168.1.34:58209,72.23.220.39:50321,TIME_WAIT,0,InHost,0
TCP,192.168.1.34:58219,169.0.205.81:50321,TIME_WAIT,0,InHost,0
TCP,192.168.1.34:58245,62.195.38.176:50321,TIME_WAIT,0,InHost,0
TCP,192.168.1.34:58294,71.210.148.58:50321,TIME_WAIT,0,InHost,0
TCP,192.168.1.34:58297,47.132.1.99:50321,TIME_WAIT,0,InHost,0
TCP,192.168.1.34:58298,40.69.153.67:443,TIME_WAIT,0,InHost,0
TCP,192.168.1.34:58347,54.171.56.222:8108,TIME_WAIT,0,InHost,0
TCP,192.168.1.34:58354,62.78.239.22:50321,TIME_WAIT,0,InHost,0
TCP,192.168.1.34:58365,64.231.254.235:50321,TIME_WAIT,0,InHost,0
TCP,192.168.1.34:58399,104.175.153.213:50321,TIME_WAIT,0,InHost,0
TCP,192.168.1.34:58408,47.42.128.161:50321,TIME_WAIT,0,InHost,0
TCP,192.168.1.34:58417,191.184.110.103:45456,TIME_WAIT,0,InHost,0
TCP,192.168.1.34:58418,184.59.157.24:50321,TIME_WAIT,0,InHost,0
TCP,192.168.1.34:58447,78.22.124.223:51413,TIME_WAIT,0,InHost,0
TCP,192.168.1.34:58506,69.80.38.122:50321,TIME_WAIT,0,InHost,0
TCP,192.168.1.34:58507,54.202.159.88:8108,TIME_WAIT,0,InHost,0
TCP,192.168.1.34:58584,24.200.170.125:50321,TIME_WAIT,0,InHost,0
TCP,192.168.1.34:58597,169.0.205.81:50321,TIME_WAIT,0,InHost,0
TCP,192.168.1.34:58606,62.195.38.176:50321,TIME_WAIT,0,InHost,0
TCP,192.168.1.34:58607,89.210.184.67:50321,TIME_WAIT,0,InHost,0
TCP,192.168.1.34:58617,18.184.78.74:8108,TIME_WAIT,0,InHost,0
TCP,192.168.1.34:58634,72.23.220.39:50321,TIME_WAIT,0,InHost,0
TCP,192.168.1.34:58635,71.75.227.201:50321,TIME_WAIT,0,InHost,0
TCP,192.168.1.34:58644,189.228.108.48:50321,TIME_WAIT,0,InHost,0
TCP,192.168.1.34:58698,62.78.239.22:50321,TIME_WAIT,0,InHost,0
TCP,192.168.1.34:58700,104.175.153.213:50321,TIME_WAIT,0,InHost,0
TCP,192.168.1.34:58701,47.42.128.161:50321,TIME_WAIT,0,InHost,0
TCP,192.168.1.34:58704,54.171.56.222:8108,TIME_WAIT,0,InHost,0
TCP,192.168.1.34:58707,191.184.110.103:45456,TIME_WAIT,0,InHost,0
TCP,192.168.1.34:58744,184.59.157.24:50321,TIME_WAIT,0,InHost,0
TCP,192.168.1.34:58846,54.202.159.88:8108,TIME_WAIT,0,InHost,0
TCP,192.168.1.34:58847,78.22.124.223:51413,TIME_WAIT,0,InHost,0
TCP,192.168.1.34:58848,47.132.1.99:50321,TIME_WAIT,0,InHost,0
TCP,192.168.1.34:58880,64.231.254.235:50321,TIME_WAIT,0,InHost,0
TCP,192.168.1.34:58881,35.186.224.53:443,TIME_WAIT,0,InHost,0
TCP,192.168.1.34:58882,35.186.224.53:443,TIME_WAIT,0,InHost,0
TCP,192.168.1.34:58883,35.186.224.53:443,TIME_WAIT,0,InHost,0
TCP,192.168.1.34:58884,35.186.224.53:443,TIME_WAIT,0,InHost,0
TCP,192.168.1.34:58885,35.186.224.53:443,TIME_WAIT,0,InHost,0
TCP,192.168.1.34:58886,35.186.224.53:443,TIME_WAIT,0,InHost,0
TCP,192.168.1.34:58887,104.86.71.221:80,TIME_WAIT,0,InHost,0
TCP,192.168.1.34:58919,24.200.170.125:50321,TIME_WAIT,0,InHost,0
TCP,192.168.1.34:58922,35.58.24.38:65365,TIME_WAIT,0,InHost,0
TCP,192.168.1.34:58955,189.228.108.48:50321,TIME_WAIT,0,InHost,0
TCP,192.168.1.34:58956,18.184.78.74:8108,TIME_WAIT,0,InHost,0
TCP,192.168.1.34:58958,71.210.148.58:50321,TIME_WAIT,0,InHost,0
TCP,192.168.1.34:58983,169.0.205.81:50321,TIME_WAIT,0,InHost,0
TCP,192.168.1.34:58984,154.237.186.134:50321,TIME_WAIT,0,InHost,0
TCP,192.168.1.34:58985,104.175.153.213:50321,TIME_WAIT,0,InHost,0
TCP,192.168.1.34:59023,47.42.128.161:50321,TIME_WAIT,0,InHost,0
TCP,192.168.1.34:59041,184.59.157.24:50321,TIME_WAIT,0,InHost,0
TCP,192.168.1.34:59045,62.78.239.22:50321,TIME_WAIT,0,InHost,0
TCP,192.168.1.34:59046,72.23.220.39:50321,TIME_WAIT,0,InHost,0
TCP,192.168.1.34:59051,191.184.110.103:45456,TIME_WAIT,0,InHost,0
TCP,192.168.1.34:59053,54.202.159.88:8108,TIME_WAIT,0,InHost,0
TCP,192.168.1.34:59106,54.171.56.222:8108,TIME_WAIT,0,InHost,0
TCP,192.168.1.34:59109,78.22.124.223:51413,TIME_WAIT,0,InHost,0
TCP,192.168.1.34:59110,47.132.1.99:50321,TIME_WAIT,0,InHost,0
TCP,192.168.1.34:59115,89.210.184.67:50321,TIME_WAIT,0,InHost,0
TCP,192.168.1.34:59118,64.231.254.235:50321,TIME_WAIT,0,InHost,0
TCP,192.168.1.34:59167,24.200.170.125:50321,TIME_WAIT,0,InHost,0
TCP,192.168.1.34:59210,18.184.78.74:8108,TIME_WAIT,0,InHost,0
TCP,192.168.1.34:59216,189.228.108.48:50321,TIME_WAIT,0,InHost,0
TCP,192.168.1.34:59221,47.42.128.161:50321,TIME_WAIT,0,InHost,0
TCP,192.168.1.34:59227,184.59.157.24:50321,TIME_WAIT,0,InHost,0
TCP,192.168.1.34:59279,191.184.110.103:45456,TIME_WAIT,0,InHost,0
TCP,192.168.1.34:59310,71.75.227.201:50321,TIME_WAIT,0,InHost,0
TCP,192.168.1.34:59341,35.58.24.38:65365,TIME_WAIT,0,InHost,0
TCP,192.168.1.34:59343,62.195.38.176:50321,TIME_WAIT,0,InHost,0
TCP,192.168.1.34:59347,62.78.239.22:50321,TIME_WAIT,0,InHost,0
TCP,192.168.1.34:59348,72.23.220.39:50321,TIME_WAIT,0,InHost,0
TCP,192.168.1.34:59365,107.15.233.28:50321,TIME_WAIT,0,InHost,0
TCP,192.168.1.34:59368,72.39.137.142:50321,TIME_WAIT,0,InHost,0
TCP,192.168.1.34:59370,69.80.38.122:50321,TIME_WAIT,0,InHost,0
TCP,192.168.1.34:59373,78.22.124.223:51413,TIME_WAIT,0,InHost,0
TCP,192.168.1.34:59472,54.171.56.222:8108,TIME_WAIT,0,InHost,0
TCP,192.168.1.34:59474,18.184.78.74:8108,TIME_WAIT,0,InHost,0
TCP,192.168.1.34:59477,104.175.153.213:50321,TIME_WAIT,0,InHost,0
TCP,192.168.1.34:59485,47.132.1.99:50321,TIME_WAIT,0,InHost,0
TCP,192.168.1.34:59567,71.210.148.58:50321,TIME_WAIT,0,InHost,0
TCP,192.168.1.34:59585,64.231.254.235:50321,TIME_WAIT,0,InHost,0
TCP,192.168.1.34:59601,89.210.184.67:50321,TIME_WAIT,0,InHost,0
TCP,192.168.1.34:59605,47.42.128.161:50321,TIME_WAIT,0,InHost,0
TCP,192.168.1.34:59607,24.200.170.125:50321,TIME_WAIT,0,InHost,0
TCP,192.168.1.34:59608,71.75.227.201:50321,ESTABLISHED,11016,InHost,0
TCP,192.168.1.34:59640,184.59.157.24:50321,TIME_WAIT,0,InHost,0
TCP,192.168.1.34:59651,62.195.38.176:50321,TIME_WAIT,0,InHost,0
TCP,192.168.1.34:59673,72.23.220.39:50321,TIME_WAIT,0,InHost,0
TCP,192.168.1.34:59681,35.58.24.38:65365,TIME_WAIT,0,InHost,0
TCP,192.168.1.34:59682,191.184.110.103:45456,TIME_WAIT,0,InHost,0
TCP,192.168.1.34:59753,72.39.137.142:50321,TIME_WAIT,0,InHost,0
TCP,192.168.1.34:59768,78.22.124.223:51413,TIME_WAIT,0,InHost,0
TCP,192.168.1.34:59769,54.171.56.222:8108,TIME_WAIT,0,InHost,0
TCP,192.168.1.34:59770,18.184.78.74:8108,TIME_WAIT,0,InHost,0
TCP,192.168.1.34:59799,104.175.153.213:50321,TIME_WAIT,0,InHost,0
TCP,192.168.1.34:59809,47.42.128.161:50321,TIME_WAIT,0,InHost,0
TCP,192.168.1.34:59812,47.132.1.99:50321,TIME_WAIT,0,InHost,0
TCP,192.168.1.34:59876,62.78.239.22:50321,TIME_WAIT,0,InHost,0
TCP,192.168.1.34:59984,72.23.220.39:50321,TIME_WAIT,0,InHost,0
TCP,192.168.1.34:60007,184.59.157.24:50321,TIME_WAIT,0,InHost,0
TCP,192.168.1.34:60008,89.210.184.67:50321,TIME_WAIT,0,InHost,0
TCP,192.168.1.34:60009,62.195.38.176:50321,TIME_WAIT,0,InHost,0
TCP,192.168.1.34:60014,72.39.137.142:50321,TIME_WAIT,0,InHost,0
TCP,192.168.1.34:60016,18.184.78.74:8108,TIME_WAIT,0,InHost,0
TCP,192.168.1.34:60017,54.171.56.222:8108,TIME_WAIT,0,InHost,0
TCP,192.168.1.34:60019,24.200.170.125:50321,TIME_WAIT,0,InHost,0
TCP,192.168.1.34:60025,78.22.124.223:51413,TIME_WAIT,0,InHost,0
TCP,192.168.1.34:60026,35.58.24.38:65365,TIME_WAIT,0,InHost,0
TCP,192.168.1.34:60053,121.44.241.39:45650,TIME_WAIT,0,InHost,0
TCP,192.168.1.34:60062,47.132.1.99:50321,TIME_WAIT,0,InHost,0
TCP,192.168.1.34:60078,47.42.128.161:50321,TIME_WAIT,0,InHost,0
TCP,192.168.1.34:60086,169.0.205.81:50321,TIME_WAIT,0,InHost,0
TCP,192.168.1.34:60104,62.78.239.22:50321,TIME_WAIT,0,InHost,0
TCP,192.168.1.34:60105,72.23.220.39:50321,TIME_WAIT,0,InHost,0
TCP,192.168.1.34:60146,24.200.170.125:50321,TIME_WAIT,0,InHost,0
TCP,192.168.1.34:60148,71.210.148.58:50321,TIME_WAIT,0,InHost,0
TCP,192.168.1.34:60150,54.171.56.222:8108,TIME_WAIT,0,InHost,0
TCP,192.168.1.34:60154,203.113.181.17:443,ESTABLISHED,14208,InHost,0
TCP,192.168.1.34:60155,72.39.137.142:50321,TIME_WAIT,0,InHost,0
TCP,192.168.1.34:60157,203.113.181.17:443,TIME_WAIT,0,InHost,0
TCP,192.168.1.34:60160,64.231.254.235:50321,TIME_WAIT,0,InHost,0
TCP,192.168.1.34:60161,62.195.38.176:50321,TIME_WAIT,0,InHost,0
TCP,192.168.1.34:60162,89.210.184.67:50321,TIME_WAIT,0,InHost,0
TCP,192.168.1.34:60164,191.184.110.103:45456,TIME_WAIT,0,InHost,0
TCP,192.168.1.34:60198,78.22.124.223:51413,TIME_WAIT,0,InHost,0
TCP,192.168.1.34:60236,121.44.241.39:45650,TIME_WAIT,0,InHost,0
TCP,192.168.1.34:60260,18.184.78.74:8108,TIME_WAIT,0,InHost,0
TCP,192.168.1.34:60261,47.132.1.99:50321,TIME_WAIT,0,InHost,0
TCP,192.168.1.34:60265,47.42.128.161:50321,TIME_WAIT,0,InHost,0
TCP,192.168.1.34:60267,154.237.186.134:50321,TIME_WAIT,0,InHost,0
TCP,192.168.1.34:60273,69.80.38.122:50321,TIME_WAIT,0,InHost,0
TCP,192.168.1.34:60276,35.58.24.38:65365,ESTABLISHED,11016,InHost,0
TCP,192.168.1.34:60278,104.175.153.213:50321,TIME_WAIT,0,InHost,0
TCP,192.168.1.34:60282,54.202.159.88:8108,TIME_WAIT,0,InHost,0
TCP,192.168.1.34:60288,72.23.220.39:50321,TIME_WAIT,0,InHost,0
TCP,192.168.1.34:60306,184.59.157.24:50321,TIME_WAIT,0,InHost,0
TCP,192.168.1.34:60339,24.200.170.125:50321,ESTABLISHED,11016,InHost,0
TCP,192.168.1.34:60340,54.171.56.222:8108,TIME_WAIT,0,InHost,0
TCP,192.168.1.34:60342,71.210.148.58:50321,TIME_WAIT,0,InHost,0
TCP,192.168.1.34:60349,64.231.254.235:50321,TIME_WAIT,0,InHost,0
TCP,192.168.1.34:60350,62.78.239.22:50321,TIME_WAIT,0,InHost,0
TCP,192.168.1.34:60449,89.210.184.67:50321,TIME_WAIT,0,InHost,0
TCP,192.168.1.34:60465,62.195.38.176:50321,TIME_WAIT,0,InHost,0
TCP,192.168.1.34:60470,169.0.205.81:50321,TIME_WAIT,0,InHost,0
TCP,192.168.1.34:60534,18.184.78.74:8108,TIME_WAIT,0,InHost,0
TCP,192.168.1.34:60537,78.22.124.223:51413,TIME_WAIT,0,InHost,0
TCP,192.168.1.34:60545,47.132.1.99:50321,TIME_WAIT,0,InHost,0
TCP,192.168.1.34:60552,47.42.128.161:50321,TIME_WAIT,0,InHost,0
TCP,192.168.1.34:60558,154.237.186.134:50321,TIME_WAIT,0,InHost,0
TCP,192.168.1.34:60562,54.202.159.88:8108,TIME_WAIT,0,InHost,0
TCP,192.168.1.34:60570,104.175.153.213:50321,TIME_WAIT,0,InHost,0
TCP,192.168.1.34:60583,72.23.220.39:50321,TIME_WAIT,0,InHost,0
TCP,192.168.1.34:60595,184.59.157.24:50321,TIME_WAIT,0,InHost,0
TCP,192.168.1.34:60604,54.171.56.222:8108,TIME_WAIT,0,InHost,0
TCP,192.168.1.34:60605,71.210.148.58:50321,TIME_WAIT,0,InHost,0
TCP,192.168.1.34:60689,64.231.254.235:50321,TIME_WAIT,0,InHost,0
TCP,192.168.1.34:60690,35.58.18.243:65365,TIME_WAIT,0,InHost,0
TCP,192.168.1.34:60691,62.78.239.22:50321,TIME_WAIT,0,InHost,0
TCP,192.168.1.34:60733,89.210.184.67:50321,TIME_WAIT,0,InHost,0
TCP,192.168.1.34:60740,62.195.38.176:50321,TIME_WAIT,0,InHost,0
TCP,192.168.1.34:60741,191.184.110.103:45456,TIME_WAIT,0,InHost,0
TCP,192.168.1.34:60749,18.184.78.74:8108,TIME_WAIT,0,InHost,0
TCP,192.168.1.34:60761,47.132.1.99:50321,TIME_WAIT,0,InHost,0
TCP,192.168.1.34:60772,47.42.128.161:50321,TIME_WAIT,0,InHost,0
TCP,192.168.1.34:60773,154.237.186.134:50321,TIME_WAIT,0,InHost,0
TCP,192.168.1.34:60777,54.202.159.88:8108,TIME_WAIT,0,InHost,0
TCP,192.168.1.34:60788,104.175.153.213:50321,TIME_WAIT,0,InHost,0
TCP,192.168.1.34:60790,72.23.220.39:50321,TIME_WAIT,0,InHost,0
TCP,192.168.1.34:60872,184.59.157.24:50321,TIME_WAIT,0,InHost,0
TCP,192.168.1.34:60890,71.210.148.58:50321,TIME_WAIT,0,InHost,0
TCP,192.168.1.34:60891,192.30.253.124:443,ESTABLISHED,14208,InHost,0
TCP,192.168.1.34:60894,54.171.56.222:8108,TIME_WAIT,0,InHost,0
TCP,192.168.1.34:60895,64.231.254.235:50321,TIME_WAIT,0,InHost,0
TCP,192.168.1.34:60897,105.228.101.234:50495,TIME_WAIT,0,InHost,0
TCP,192.168.1.34:60898,69.80.38.122:50321,TIME_WAIT,0,InHost,0
TCP,192.168.1.34:60917,18.184.78.74:8108,TIME_WAIT,0,InHost,0
TCP,192.168.1.34:60918,62.195.38.176:50321,TIME_WAIT,0,InHost,0
TCP,192.168.1.34:60984,47.132.1.99:50321,TIME_WAIT,0,InHost,0
TCP,192.168.1.34:60987,47.42.128.161:50321,TIME_WAIT,0,InHost,0
TCP,192.168.1.34:60991,54.202.159.88:8108,TIME_WAIT,0,InHost,0
TCP,192.168.1.34:61018,154.237.186.134:50321,TIME_WAIT,0,InHost,0
TCP,192.168.1.34:61019,78.22.124.223:51413,TIME_WAIT,0,InHost,0
TCP,192.168.1.34:61025,104.175.153.213:50321,TIME_WAIT,0,InHost,0
TCP,192.168.1.34:61026,87.202.100.25:16257,TIME_WAIT,0,InHost,0
TCP,192.168.1.34:61047,89.210.184.67:50321,TIME_WAIT,0,InHost,0
TCP,192.168.1.34:61049,169.0.205.81:50321,TIME_WAIT,0,InHost,0
TCP,192.168.1.34:61051,54.171.56.222:8108,TIME_WAIT,0,InHost,0
TCP,192.168.1.34:61138,18.184.78.74:8108,TIME_WAIT,0,InHost,0
TCP,192.168.1.34:61139,62.78.239.22:50321,TIME_WAIT,0,InHost,0
TCP,192.168.1.34:61191,184.59.157.24:50321,TIME_WAIT,0,InHost,0
TCP,192.168.1.34:61193,62.195.38.176:50321,TIME_WAIT,0,InHost,0
TCP,192.168.1.34:61194,47.132.1.99:50321,TIME_WAIT,0,InHost,0
TCP,192.168.1.34:61198,54.202.159.88:8108,TIME_WAIT,0,InHost,0
TCP,192.168.1.34:61201,47.42.128.161:50321,TIME_WAIT,0,InHost,0
TCP,192.168.1.34:61240,78.22.124.223:51413,TIME_WAIT,0,InHost,0
TCP,192.168.1.34:61301,104.27.161.91:80,ESTABLISHED,14208,InHost,0
TCP,192.168.1.34:61383,104.28.17.63:80,ESTABLISHED,14208,InHost,0
TCP,192.168.1.34:61384,191.184.110.103:45456,TIME_WAIT,0,InHost,0
TCP,192.168.1.34:61410,72.23.220.39:50321,TIME_WAIT,0,InHost,0
TCP,192.168.1.34:61422,18.184.78.74:8108,TIME_WAIT,0,InHost,0
TCP,192.168.1.34:61438,104.175.153.213:50321,TIME_WAIT,0,InHost,0
TCP,192.168.1.34:61439,54.171.56.222:8108,TIME_WAIT,0,InHost,0
TCP,192.168.1.34:61443,184.59.157.24:50321,TIME_WAIT,0,InHost,0
TCP,192.168.1.34:61447,104.25.101.27:443,ESTABLISHED,14208,InHost,0
TCP,192.168.1.34:61448,104.27.141.216:80,ESTABLISHED,14208,InHost,0
TCP,192.168.1.34:61450,104.25.101.27:443,TIME_WAIT,0,InHost,0
TCP,192.168.1.34:61451,104.27.141.216:80,TIME_WAIT,0,InHost,0
TCP,192.168.1.34:61457,87.202.100.25:16257,TIME_WAIT,0,InHost,0
TCP,192.168.1.34:61540,71.210.148.58:50321,TIME_WAIT,0,InHost,0
TCP,192.168.1.34:61545,105.228.101.234:50495,TIME_WAIT,0,InHost,0
TCP,192.168.1.34:61557,62.195.38.176:50321,TIME_WAIT,0,InHost,0
TCP,192.168.1.34:61579,47.42.128.161:50321,TIME_WAIT,0,InHost,0
TCP,192.168.1.34:61580,72.23.220.39:50321,TIME_WAIT,0,InHost,0
TCP,192.168.1.34:61581,191.184.110.103:45456,TIME_WAIT,0,InHost,0
TCP,192.168.1.34:61582,18.184.78.74:8108,TIME_WAIT,0,InHost,0
TCP,192.168.1.34:61654,104.175.153.213:50321,TIME_WAIT,0,InHost,0
TCP,192.168.1.34:61655,54.171.56.222:8108,TIME_WAIT,0,InHost,0
TCP,192.168.1.34:61678,64.231.254.235:50321,TIME_WAIT,0,InHost,0
TCP,192.168.1.34:61698,104.25.101.27:80,ESTABLISHED,14208,InHost,0
TCP,192.168.1.34:61699,104.27.161.91:80,ESTABLISHED,14208,InHost,0
TCP,192.168.1.34:61701,104.20.53.177:443,ESTABLISHED,14208,InHost,0
TCP,192.168.1.34:61718,104.27.161.91:80,ESTABLISHED,14208,InHost,0
TCP,192.168.1.34:61719,104.27.161.91:80,ESTABLISHED,14208,InHost,0
TCP,192.168.1.34:61720,104.27.161.91:80,TIME_WAIT,0,InHost,0
TCP,192.168.1.34:61721,104.27.161.91:80,TIME_WAIT,0,InHost,0
TCP,192.168.1.34:61725,216.58.222.206:443,ESTABLISHED,14208,InHost,0
TCP,192.168.1.34:61732,54.202.159.88:8108,TIME_WAIT,0,InHost,0
TCP,192.168.1.34:61749,72.39.137.142:50321,TIME_WAIT,0,InHost,0
TCP,192.168.1.34:61772,87.202.100.25:16257,TIME_WAIT,0,InHost,0
TCP,192.168.1.34:61780,71.210.148.58:50321,TIME_WAIT,0,InHost,0
TCP,192.168.1.34:61781,184.59.157.24:50321,TIME_WAIT,0,InHost,0
TCP,192.168.1.34:61782,54.171.56.222:8108,TIME_WAIT,0,InHost,0
TCP,192.168.1.34:61784,105.228.101.234:50495,TIME_WAIT,0,InHost,0
TCP,192.168.1.34:61802,62.195.38.176:50321,TIME_WAIT,0,InHost,0
TCP,192.168.1.34:61803,72.23.220.39:50321,TIME_WAIT,0,InHost,0
TCP,192.168.1.34:61804,47.132.1.99:50321,TIME_WAIT,0,InHost,0
TCP,192.168.1.34:61805,18.184.78.74:8108,TIME_WAIT,0,InHost,0
TCP,192.168.1.34:61806,47.42.128.161:50321,TIME_WAIT,0,InHost,0
TCP,192.168.1.34:61809,191.184.110.103:45456,FIN_WAIT_1,11016,InHost,0
TCP,192.168.1.34:61812,104.175.153.213:50321,TIME_WAIT,0,InHost,0
TCP,192.168.1.34:61829,78.22.124.223:51413,TIME_WAIT,0,InHost,0
TCP,192.168.1.34:61830,104.25.101.27:443,ESTABLISHED,14208,InHost,0
TCP,192.168.1.34:61831,54.202.159.88:8108,TIME_WAIT,0,InHost,0
TCP,192.168.1.34:61841,72.39.137.142:50321,TIME_WAIT,0,InHost,0
TCP,192.168.1.34:61845,91.75.162.217:46461,ESTABLISHED,11016,InHost,0
TCP,192.168.1.34:61877,87.202.100.25:16257,TIME_WAIT,0,InHost,0
TCP,192.168.1.34:61922,54.171.56.222:8108,TIME_WAIT,0,InHost,0
TCP,192.168.1.34:61926,71.210.148.58:50321,FIN_WAIT_1,11016,InHost,0
TCP,192.168.1.34:61927,184.59.157.24:50321,FIN_WAIT_1,11016,InHost,0
TCP,192.168.1.34:61930,18.184.78.74:8108,FIN_WAIT_1,11016,InHost,0
TCP,192.168.1.34:61932,72.23.220.39:50321,FIN_WAIT_1,11016,InHost,0
TCP,192.168.1.34:61937,47.132.1.99:50321,ESTABLISHED,11016,InHost,0
TCP,192.168.1.34:61939,47.42.128.161:50321,ESTABLISHED,11016,InHost,0
TCP,192.168.1.34:61951,62.195.38.176:50321,ESTABLISHED,11016,InHost,0
TCP,192.168.1.34:61952,105.228.101.234:50495,ESTABLISHED,11016,InHost,0
TCP,192.168.1.34:61953,98.210.25.254:64563,SYN_SENT,11016,InHost,0
TCP,192.168.1.34:61955,191.184.110.103:45456,SYN_SENT,11016,InHost,0
TCP,192.168.1.34:61956,89.180.120.17:5854,SYN_SENT,11016,InHost,0
TCP,192.168.1.34:61957,104.25.100.27:443,ESTABLISHED,14208,InHost,0
TCP,192.168.1.34:61961,35.58.18.243:65365,ESTABLISHED,11016,InHost,0
TCP,192.168.1.34:61962,54.202.159.88:8108,ESTABLISHED,11016,InHost,0
TCP,192.168.1.34:61964,36.84.1.153:50321,SYN_SENT,11016,InHost,0
TCP,192.168.1.34:61965,94.230.83.144:40503,SYN_SENT,11016,InHost,0
TCP,192.168.1.34:61966,95.140.190.55:40500,SYN_SENT,11016,InHost,0
TCP,192.168.1.34:61967,94.200.115.14:47626,SYN_SENT,11016,InHost,0
TCP,192.168.1.34:61968,105.105.21.46:14145,SYN_SENT,11016,InHost,0
TCP,192.168.1.34:61969,180.191.106.182:50321,SYN_SENT,11016,InHost,0
TCP,192.168.1.34:61970,189.217.19.152:30722,SYN_SENT,11016,InHost,0
TCP,192.168.1.34:61971,68.151.1.117:40500,SYN_SENT,11016,InHost,0
TCP,192.168.1.34:61972,186.177.96.2:50321,SYN_SENT,11016,InHost,0
TCP,192.168.1.34:61973,186.151.63.101:40500,SYN_SENT,11016,InHost,0
TCP,192.168.1.34:61975,72.39.137.142:50321,ESTABLISHED,11016,InHost,0
TCP,192.168.1.34:61976,80.117.75.144:26929,ESTABLISHED,11016,InHost,0
TCP,192.168.1.34:61977,199.116.115.130:15997,SYN_SENT,11016,InHost,0
TCP,192.168.1.34:61978,78.22.124.223:51413,ESTABLISHED,11016,InHost,0
TCP,192.168.1.34:61979,104.175.153.213:50321,ESTABLISHED,11016,InHost,0
TCP,192.168.1.34:61980,94.230.83.144:4118,SYN_SENT,11016,InHost,0
TCP,192.168.1.34:61981,199.241.125.97:13947,SYN_SENT,11016,InHost,0
TCP,192.168.1.34:61982,112.202.161.199:3076,SYN_SENT,11016,InHost,0
TCP,192.168.1.34:61983,180.191.106.212:50321,SYN_SENT,11016,InHost,0
TCP,192.168.1.34:61986,196.125.157.163:50321,ESTABLISHED,11016,InHost,0
TCP,192.168.1.34:61987,184.105.18.166:1852,SYN_SENT,11016,InHost,0
TCP,192.168.1.34:61988,73.239.26.56:40500,SYN_SENT,11016,InHost,0
TCP,192.168.1.34:61994,66.87.125.35:50321,SYN_SENT,11016,InHost,0
TCP,192.168.1.34:61995,94.200.115.38:50321,SYN_SENT,11016,InHost,0
TCP,192.168.1.34:61996,65.129.129.26:50321,SYN_SENT,11016,InHost,0
TCP,192.168.1.34:61997,122.3.151.100:2077,SYN_SENT,11016,InHost,0
TCP,192.168.1.34:61999,144.217.24.202:3153,SYN_SENT,11016,InHost,0
TCP,192.168.1.34:62000,72.255.32.82:50321,SYN_SENT,11016,InHost,0
TCP,192.168.1.34:62001,64.231.254.235:50321,SYN_SENT,11016,InHost,0
TCP,192.168.1.34:62002,66.70.190.163:40501,SYN_SENT,11016,InHost,0
TCP,192.168.1.34:62003,178.153.207.44:50321,SYN_SENT,11016,InHost,0
TCP,192.168.1.34:62005,173.189.152.153:50321,SYN_SENT,11016,InHost,0
TCP,192.168.1.34:62006,174.55.105.12:40500,SYN_SENT,11016,InHost,0
TCP,192.168.1.34:62007,107.202.205.51:50321,SYN_SENT,11016,InHost,0
TCP,192.168.1.34:62008,180.191.106.182:61855,SYN_SENT,11016,InHost,0
TCP,192.168.1.34:62009,86.82.99.231:50321,SYN_SENT,11016,InHost,0
TCP,192.168.1.34:62010,189.217.19.152:40500,SYN_SENT,11016,InHost,0
TCP,192.168.1.34:62011,73.5.33.112:50321,SYN_SENT,11016,InHost,0
TCP,192.168.1.34:62012,186.151.63.101:25790,SYN_SENT,11016,InHost,0
TCP,192.168.1.34:62013,199.116.115.130:50321,SYN_SENT,11016,InHost,0
TCP,192.168.1.34:62015,73.239.26.56:1024,SYN_SENT,11016,InHost,0
TCP,192.168.1.34:62016,71.196.46.35:40500,SYN_SENT,11016,InHost,0
TCP,192.168.1.34:62017,108.216.177.231:40500,SYN_SENT,11016,InHost,0
TCP,192.168.1.34:62018,158.69.145.64:32921,SYN_SENT,11016,InHost,0
TCP,192.168.1.34:62019,202.62.67.108:50321,SYN_SENT,11016,InHost,0
TCP,192.168.1.34:62020,122.3.151.100:50321,SYN_SENT,11016,InHost,0
TCP,192.168.1.34:62021,177.227.56.202:50321,SYN_SENT,11016,InHost,0
TCP,192.168.1.34:62022,174.3.105.158:57692,SYN_SENT,11016,InHost,0
TCP,192.168.1.34:62023,99.225.24.181:50217,SYN_SENT,11016,InHost,0
TCP,192.168.1.34:62024,96.43.164.62:52057,SYN_SENT,11016,InHost,0
TCP,192.168.1.34:62025,73.241.131.192:53779,SYN_SENT,11016,InHost,0
TCP,192.168.1.34:62026,31.215.225.136:56529,SYN_SENT,11016,InHost,0
TCP,192.168.1.34:62027,2.50.216.124:52938,SYN_SENT,11016,InHost,0
TCP,192.168.1.34:62028,202.62.67.109:50321,SYN_SENT,11016,InHost,0
TCP,192.168.1.34:62029,190.45.154.47:49462,SYN_SENT,11016,InHost,0
TCP,192.168.1.34:62030,189.225.78.106:54509,SYN_SENT,11016,InHost,0
TCP,192.168.1.34:62031,187.216.27.18:64018,SYN_SENT,11016,InHost,0
TCP,192.168.1.34:62032,187.190.22.174:26409,SYN_SENT,11016,InHost,0
TCP,192.168.1.34:62033,187.122.242.28:56649,SYN_SENT,11016,InHost,0
TCP,192.168.1.34:62034,184.252.90.109:47906,SYN_SENT,11016,InHost,0
TCP,192.168.1.34:62035,181.37.13.175:50321,SYN_SENT,11016,InHost,0
TCP,192.168.1.34:62036,177.45.148.113:53401,ESTABLISHED,11016,InHost,0
TCP,192.168.1.34:62037,121.44.241.39:50322,ESTABLISHED,11016,InHost,0
TCP,192.168.1.34:62038,50.46.203.179:50321,ESTABLISHED,11016,InHost,0
TCP,192.168.1.34:62039,66.87.125.35:25926,SYN_SENT,11016,InHost,0
TCP,192.168.1.34:62040,179.191.130.107:1073,SYN_SENT,11016,InHost,0
TCP,192.168.1.34:62041,69.80.38.122:50321,ESTABLISHED,11016,InHost,0
TCP,192.168.1.34:62042,66.70.190.163:4522,SYN_SENT,11016,InHost,0
TCP,192.168.1.34:62043,177.247.165.227:50321,SYN_SENT,11016,InHost,0
TCP,192.168.1.34:62044,65.129.129.26:42402,ESTABLISHED,11016,InHost,0
TCP,192.168.1.34:62045,87.202.100.25:16257,ESTABLISHED,11016,InHost,0
TCP,192.168.1.34:62046,175.137.164.155:50322,ESTABLISHED,11016,InHost,0
TCP,192.168.1.34:62047,122.3.151.100:1229,SYN_SENT,11016,InHost,0
TCP,192.168.1.34:62048,202.62.67.110:50321,SYN_SENT,11016,InHost,0
TCP,192.168.1.34:62049,179.191.130.107:42174,SYN_SENT,11016,InHost,0
TCP,192.168.1.34:62050,187.189.91.222:30071,SYN_SENT,11016,InHost,0
TCP,192.168.1.34:62051,158.69.145.64:40500,SYN_SENT,11016,InHost,0
TCP,192.168.1.34:62052,54.171.56.222:8108,SYN_SENT,11016,InHost,0
TCP,192.168.1.34:62053,121.44.241.39:45650,SYN_SENT,11016,InHost,0
TCP,192.168.1.34:62579,192.168.1.34:64734,ESTABLISHED,11016,InHost,0
TCP,192.168.1.34:64734,192.168.1.34:62579,ESTABLISHED,13836,InHost,0
TCP,192.168.1.34:64761,130.185.144.60:443,ESTABLISHED,7120,InHost,0
TCP,192.168.1.34:64915,195.35.245.30:40500,ESTABLISHED,11016,InHost,0
TCP,192.168.1.34:64936,212.178.154.174:40500,ESTABLISHED,11016,InHost,0
TCP,192.168.1.34:64960,213.34.167.254:50321,ESTABLISHED,11016,InHost,0
TCP,192.168.43.1:139,0.0.0.0:0,LISTENING,4,InHost,0
TCP,192.168.222.1:139,0.0.0.0:0,LISTENING,4,InHost,0
TCP,[::]:135,[::]:0,LISTENING,1092,InHost,0
TCP,[::]:445,[::]:0,LISTENING,4,InHost,0
TCP,[::]:49664,[::]:0,LISTENING,884,InHost,0
TCP,[::]:49665,[::]:0,LISTENING,1928,InHost,0
TCP,[::]:49666,[::]:0,LISTENING,2156,InHost,0
TCP,[::]:49667,[::]:0,LISTENING,3448,InHost,0
TCP,[::]:49668,[::]:0,LISTENING,944,InHost,0
TCP,[::]:49672,[::]:0,LISTENING,932,InHost,0
TCP,[::]:61757,[::]:0,LISTENING,11016,InHost,0
TCP,[::]:62579,[::]:0,LISTENING,11016,InHost,0
TCP,[::1]:27275,[::]:0,LISTENING,13900,InHost,0
UDP,0.0.0.0:500,*:*,none,3020,none,0
UDP,0.0.0.0:1900,*:*,none,2900,none,0
UDP,0.0.0.0:3702,*:*,none,3032,none,0
UDP,0.0.0.0:3702,*:*,none,3032,none,0
UDP,0.0.0.0:4500,*:*,none,3020,none,0
UDP,0.0.0.0:5050,*:*,none,7272,none,0
UDP,0.0.0.0:5353,*:*,none,14208,none,0
UDP,0.0.0.0:5353,*:*,none,14208,none,0
UDP,0.0.0.0:5353,*:*,none,14208,none,0
UDP,0.0.0.0:5353,*:*,none,14208,none,0
UDP,0.0.0.0:5353,*:*,none,14208,none,0
UDP,0.0.0.0:5353,*:*,none,2580,none,0
UDP,0.0.0.0:5353,*:*,none,14208,none,0
UDP,0.0.0.0:5355,*:*,none,2580,none,0
UDP,0.0.0.0:36014,*:*,none,1504,none,0
UDP,0.0.0.0:36015,*:*,none,1504,none,0
UDP,0.0.0.0:49980,*:*,none,12500,none,0
UDP,0.0.0.0:50740,*:*,none,14208,none,0
UDP,0.0.0.0:51497,*:*,none,11016,none,0
UDP,0.0.0.0:51956,*:*,none,14208,none,0
UDP,0.0.0.0:52347,*:*,none,14208,none,0
UDP,0.0.0.0:55908,*:*,none,13900,none,0
UDP,0.0.0.0:57621,*:*,none,2900,none,0
UDP,0.0.0.0:59088,*:*,none,14208,none,0
UDP,0.0.0.0:60186,*:*,none,14208,none,0
UDP,0.0.0.0:61058,*:*,none,14208,none,0
UDP,0.0.0.0:61323,*:*,none,14208,none,0
UDP,0.0.0.0:61926,*:*,none,3032,none,0
UDP,0.0.0.0:63235,*:*,none,4672,none,0
UDP,0.0.0.0:63549,*:*,none,14208,none,0
UDP,0.0.0.0:64345,*:*,none,14208,none,0
UDP,0.0.0.0:64683,*:*,none,3032,none,0
UDP,127.0.0.1:1900,*:*,none,3252,none,0
UDP,127.0.0.1:48401,*:*,none,16132,none,0
UDP,127.0.0.1:50145,*:*,none,3252,none,0
UDP,127.0.0.1:50948,*:*,none,4672,none,0
UDP,127.0.0.1:50949,*:*,none,4672,none,0
UDP,127.0.0.1:50950,*:*,none,4672,none,0
UDP,127.0.0.1:52316,*:*,none,5144,none,0
UDP,127.0.0.1:53217,*:*,none,16132,none,0
UDP,127.0.0.1:53220,*:*,none,16132,none,0
UDP,127.0.0.1:53221,*:*,none,13116,none,0
UDP,127.0.0.1:53222,*:*,none,15012,none,0
UDP,127.0.0.1:54194,*:*,none,16132,none,0
UDP,127.0.0.1:55906,*:*,none,13900,none,0
UDP,127.0.0.1:58440,*:*,none,444,none,0
UDP,127.0.0.1:61466,*:*,none,8244,none,0
UDP,127.0.0.1:64794,*:*,none,16132,none,0
UDP,127.0.0.1:64795,*:*,none,16132,none,0
UDP,127.0.0.1:65000,*:*,none,4672,none,0
UDP,192.168.1.34:137,*:*,none,4,none,0
UDP,192.168.1.34:138,*:*,none,4,none,0
UDP,192.168.1.34:1900,*:*,none,3252,none,0
UDP,192.168.1.34:5353,*:*,none,4672,none,0
UDP,192.168.1.34:50142,*:*,none,3252,none,0
UDP,192.168.43.1:137,*:*,none,4,none,0
UDP,192.168.43.1:138,*:*,none,4,none,0
UDP,192.168.43.1:1900,*:*,none,3252,none,0
UDP,192.168.43.1:5353,*:*,none,4672,none,0
UDP,192.168.43.1:50144,*:*,none,3252,none,0
UDP,192.168.222.1:137,*:*,none,4,none,0
UDP,192.168.222.1:138,*:*,none,4,none,0
UDP,192.168.222.1:1900,*:*,none,3252,none,0
UDP,192.168.222.1:5353,*:*,none,4672,none,0
UDP,192.168.222.1:50143,*:*,none,3252,none,0
UDP,[::]:500,*:*,none,3020,none,0
UDP,[::]:3702,*:*,none,3032,none,0
UDP,[::]:3702,*:*,none,3032,none,0
UDP,[::]:4500,*:*,none,3020,none,0
UDP,[::]:5353,*:*,none,14208,none,0
UDP,[::]:5353,*:*,none,2580,none,0
UDP,[::]:5353,*:*,none,14208,none,0
UDP,[::]:5353,*:*,none,14208,none,0
UDP,[::]:5355,*:*,none,2580,none,0
UDP,[::]:49980,*:*,none,12500,none,0
UDP,[::]:61927,*:*,none,3032,none,0
UDP,[::]:63236,*:*,none,4672,none,0
UDP,[::]:64684,*:*,none,3032,none,0
UDP,[::1]:1900,*:*,none,3252,none,0
UDP,[::1]:5353,*:*,none,4672,none,0
UDP,[::1]:50141,*:*,none,3252,none,0
UDP,[fe80::103e:6d48:6a90:8b8c%19]:1900,*:*,none,3252,none,0
UDP,[fe80::103e:6d48:6a90:8b8c%19]:50140,*:*,none,3252,none,0
UDP,[fe80::c1e0:910e:eb07:65a2%20]:1900,*:*,none,3252,none,0
UDP,[fe80::c1e0:910e:eb07:65a2%20]:50138,*:*,none,3252,none,0
UDP,[fe80::dd48:69cf:ec4f:a483%3]:1900,*:*,none,3252,none,0
UDP,[fe80::dd48:69cf:ec4f:a483%3]:50139,*:*,none,3252,none,0
TCP,0.0.0.0:135,0.0.0.0:0,LISTENING,1092,InHost,1
TCP,0.0.0.0:445,0.0.0.0:0,LISTENING,4,InHost,1
TCP,0.0.0.0:902,0.0.0.0:0,LISTENING,5948,InHost,1
TCP,0.0.0.0:912,0.0.0.0:0,LISTENING,5948,InHost,1
TCP,0.0.0.0:5040,0.0.0.0:0,LISTENING,7272,InHost,1
TCP,0.0.0.0:7680,0.0.0.0:0,LISTENING,952,InHost,1
TCP,0.0.0.0:49664,0.0.0.0:0,LISTENING,884,InHost,1
TCP,0.0.0.0:49665,0.0.0.0:0,LISTENING,1928,InHost,1
TCP,0.0.0.0:49666,0.0.0.0:0,LISTENING,2156,InHost,1
TCP,0.0.0.0:49667,0.0.0.0:0,LISTENING,3448,InHost,1
TCP,0.0.0.0:49668,0.0.0.0:0,LISTENING,944,InHost,1
TCP,0.0.0.0:49672,0.0.0.0:0,LISTENING,932,InHost,1
TCP,0.0.0.0:54783,0.0.0.0:0,LISTENING,5632,InHost,1
TCP,0.0.0.0:54792,0.0.0.0:0,LISTENING,5632,InHost,1
TCP,0.0.0.0:57196,0.0.0.0:0,LISTENING,2900,InHost,1
TCP,0.0.0.0:57621,0.0.0.0:0,LISTENING,2900,InHost,1
TCP,127.0.0.1:12025,0.0.0.0:0,LISTENING,13900,InHost,1
TCP,127.0.0.1:12110,0.0.0.0:0,LISTENING,13900,InHost,1
TCP,127.0.0.1:12119,0.0.0.0:0,LISTENING,13900,InHost,1
TCP,127.0.0.1:12143,0.0.0.0:0,LISTENING,13900,InHost,1
TCP,127.0.0.1:12465,0.0.0.0:0,LISTENING,13900,InHost,1
TCP,127.0.0.1:12563,0.0.0.0:0,LISTENING,13900,InHost,1
TCP,127.0.0.1:12993,0.0.0.0:0,LISTENING,13900,InHost,1
TCP,127.0.0.1:12995,0.0.0.0:0,LISTENING,13900,InHost,1
TCP,127.0.0.1:27275,0.0.0.0:0,LISTENING,13900,InHost,1
TCP,127.0.0.1:56830,127.0.0.1:65001,ESTABLISHED,4672,InHost,1
TCP,127.0.0.1:57375,0.0.0.0:0,LISTENING,16132,InHost,1
TCP,127.0.0.1:57375,127.0.0.1:58934,ESTABLISHED,16132,InHost,1
TCP,127.0.0.1:57375,127.0.0.1:58938,ESTABLISHED,16132,InHost,1
TCP,127.0.0.1:57375,127.0.0.1:58943,ESTABLISHED,16132,InHost,1
TCP,127.0.0.1:57375,127.0.0.1:58949,ESTABLISHED,16132,InHost,1
TCP,127.0.0.1:57375,127.0.0.1:58951,ESTABLISHED,16132,InHost,1
TCP,127.0.0.1:57375,127.0.0.1:58955,ESTABLISHED,16132,InHost,1
TCP,127.0.0.1:58692,127.0.0.1:58693,ESTABLISHED,5948,InHost,1
TCP,127.0.0.1:58693,127.0.0.1:58692,ESTABLISHED,5948,InHost,1
TCP,127.0.0.1:58893,127.0.0.1:58894,ESTABLISHED,5632,InHost,1
TCP,127.0.0.1:58894,127.0.0.1:58893,ESTABLISHED,5632,InHost,1
TCP,127.0.0.1:58895,127.0.0.1:58896,ESTABLISHED,5632,InHost,1
TCP,127.0.0.1:58896,127.0.0.1:58895,ESTABLISHED,5632,InHost,1
TCP,127.0.0.1:58897,127.0.0.1:58898,ESTABLISHED,5632,InHost,1
TCP,127.0.0.1:58898,127.0.0.1:58897,ESTABLISHED,5632,InHost,1
TCP,127.0.0.1:58899,127.0.0.1:58900,ESTABLISHED,5632,InHost,1
TCP,127.0.0.1:58900,127.0.0.1:58899,ESTABLISHED,5632,InHost,1
TCP,127.0.0.1:58901,127.0.0.1:58902,ESTABLISHED,5632,InHost,1
TCP,127.0.0.1:58902,127.0.0.1:58901,ESTABLISHED,5632,InHost,1
TCP,127.0.0.1:58903,127.0.0.1:58904,ESTABLISHED,5632,InHost,1
TCP,127.0.0.1:58904,127.0.0.1:58903,ESTABLISHED,5632,InHost,1
TCP,127.0.0.1:58905,127.0.0.1:58906,ESTABLISHED,5632,InHost,1
TCP,127.0.0.1:58906,127.0.0.1:58905,ESTABLISHED,5632,InHost,1
TCP,127.0.0.1:58907,127.0.0.1:58908,ESTABLISHED,5632,InHost,1
TCP,127.0.0.1:58908,127.0.0.1:58907,ESTABLISHED,5632,InHost,1
TCP,127.0.0.1:58934,127.0.0.1:57375,ESTABLISHED,15012,InHost,1
TCP,127.0.0.1:58935,127.0.0.1:57375,TIME_WAIT,0,InHost,1
TCP,127.0.0.1:58938,127.0.0.1:57375,ESTABLISHED,15012,InHost,1
TCP,127.0.0.1:58943,127.0.0.1:57375,ESTABLISHED,15012,InHost,1
TCP,127.0.0.1:58949,127.0.0.1:57375,ESTABLISHED,15012,InHost,1
TCP,127.0.0.1:58951,127.0.0.1:57375,ESTABLISHED,15012,InHost,1
TCP,127.0.0.1:58955,127.0.0.1:57375,ESTABLISHED,15012,InHost,1
TCP,127.0.0.1:65000,0.0.0.0:0,LISTENING,4672,InHost,1
TCP,127.0.0.1:65001,0.0.0.0:0,LISTENING,4672,InHost,1
TCP,127.0.0.1:65001,127.0.0.1:56830,ESTABLISHED,4672,InHost,1
TCP,192.168.1.34:139,0.0.0.0:0,LISTENING,4,InHost,1
TCP,192.168.1.34:56839,13.89.220.65:443,ESTABLISHED,4576,InHost,1
TCP,192.168.1.34:56903,172.217.193.188:5228,ESTABLISHED,14208,InHost,1
TCP,192.168.1.34:56970,77.234.42.238:80,ESTABLISHED,13900,InHost,1
TCP,192.168.1.34:57070,13.89.220.65:443,ESTABLISHED,964,InHost,1
TCP,192.168.1.34:57186,104.154.127.109:4070,ESTABLISHED,2900,InHost,1
TCP,192.168.1.34:58535,199.59.150.10:443,ESTABLISHED,14208,InHost,1
TCP,192.168.1.34:58624,151.101.193.137:443,ESTABLISHED,14208,InHost,1
TCP,192.168.1.34:58656,23.32.76.34:443,CLOSE_WAIT,16044,InHost,1
TCP,192.168.1.34:58734,104.244.42.65:443,ESTABLISHED,14208,InHost,1
TCP,192.168.1.34:58742,104.244.46.39:443,ESTABLISHED,14208,InHost,1
TCP,192.168.1.34:58744,199.16.157.105:443,ESTABLISHED,14208,InHost,1
TCP,192.168.1.34:58747,104.244.42.66:443,ESTABLISHED,14208,InHost,1
TCP,192.168.1.34:58751,104.244.42.66:443,ESTABLISHED,14208,InHost,1
TCP,192.168.1.34:58846,35.190.55.236:443,ESTABLISHED,14208,InHost,1
TCP,192.168.1.34:58852,130.211.34.183:443,ESTABLISHED,14208,InHost,1
TCP,192.168.1.34:58859,72.21.91.70:443,ESTABLISHED,14208,InHost,1
TCP,192.168.1.34:58917,35.190.55.236:443,ESTABLISHED,14208,InHost,1
TCP,192.168.1.34:58944,40.77.229.199:443,TIME_WAIT,0,InHost,1
TCP,192.168.1.34:58947,40.79.70.158:443,TIME_WAIT,0,InHost,1
TCP,192.168.1.34:58952,190.98.167.34:80,TIME_WAIT,0,InHost,1
TCP,192.168.1.34:58953,40.77.229.199:443,ESTABLISHED,6892,InHost,1
TCP,192.168.1.34:58956,77.234.42.205:53,TIME_WAIT,0,InHost,1
TCP,192.168.1.34:58958,130.211.16.53:443,ESTABLISHED,14208,InHost,1
TCP,192.168.1.34:58962,77.234.42.84:80,TIME_WAIT,0,InHost,1
TCP,192.168.1.34:58963,77.234.42.56:80,TIME_WAIT,0,InHost,1
TCP,192.168.1.34:58966,13.107.51.254:443,ESTABLISHED,6860,InHost,1
TCP,192.168.1.34:58967,13.107.42.254:443,ESTABLISHED,6860,InHost,1
TCP,192.168.1.34:58970,13.107.21.200:443,ESTABLISHED,6860,InHost,1
TCP,192.168.1.34:58971,13.107.246.10:443,ESTABLISHED,6860,InHost,1
TCP,192.168.1.34:58972,204.79.197.222:443,ESTABLISHED,6860,InHost,1
TCP,192.168.1.34:58973,77.234.42.84:80,TIME_WAIT,0,InHost,1
TCP,192.168.43.1:139,0.0.0.0:0,LISTENING,4,InHost,1
TCP,192.168.222.1:139,0.0.0.0:0,LISTENING,4,InHost,1
TCP,[::]:135,[::]:0,LISTENING,1092,InHost,1
TCP,[::]:445,[::]:0,LISTENING,4,InHost,1
TCP,[::]:7680,[::]:0,LISTENING,952,InHost,1
TCP,[::]:49664,[::]:0,LISTENING,884,InHost,1
TCP,[::]:49665,[::]:0,LISTENING,1928,InHost,1
TCP,[::]:49666,[::]:0,LISTENING,2156,InHost,1
TCP,[::]:49667,[::]:0,LISTENING,3448,InHost,1
TCP,[::]:49668,[::]:0,LISTENING,944,InHost,1
TCP,[::]:49672,[::]:0,LISTENING,932,InHost,1
TCP,[::]:54783,[::]:0,LISTENING,5632,InHost,1
TCP,[::]:54792,[::]:0,LISTENING,5632,InHost,1
TCP,[::1]:12025,[::]:0,LISTENING,13900,InHost,1
TCP,[::1]:12110,[::]:0,LISTENING,13900,InHost,1
TCP,[::1]:12119,[::]:0,LISTENING,13900,InHost,1
TCP,[::1]:12143,[::]:0,LISTENING,13900,InHost,1
TCP,[::1]:12465,[::]:0,LISTENING,13900,InHost,1
TCP,[::1]:12563,[::]:0,LISTENING,13900,InHost,1
TCP,[::1]:12993,[::]:0,LISTENING,13900,InHost,1
TCP,[::1]:12995,[::]:0,LISTENING,13900,InHost,1
TCP,[::1]:27275,[::]:0,LISTENING,13900,InHost,1
TCP,[::1]:58650,[::1]:58651,ESTABLISHED,16044,InHost,1
TCP,[::1]:58651,[::1]:58650,ESTABLISHED,16044,InHost,1
UDP,0.0.0.0:500,*:*,none,3020,none,1
UDP,0.0.0.0:1900,*:*,none,2900,none,1
UDP,0.0.0.0:3702,*:*,none,3032,none,1
UDP,0.0.0.0:3702,*:*,none,3032,none,1
UDP,0.0.0.0:4500,*:*,none,3020,none,1
UDP,0.0.0.0:5050,*:*,none,7272,none,1
UDP,0.0.0.0:5353,*:*,none,14208,none,1
UDP,0.0.0.0:5353,*:*,none,14208,none,1
UDP,0.0.0.0:5353,*:*,none,14208,none,1
UDP,0.0.0.0:5353,*:*,none,14208,none,1
UDP,0.0.0.0:5353,*:*,none,14208,none,1
UDP,0.0.0.0:5353,*:*,none,2580,none,1
UDP,0.0.0.0:5353,*:*,none,14208,none,1
UDP,0.0.0.0:5355,*:*,none,2580,none,1
UDP,0.0.0.0:49980,*:*,none,12500,none,1
UDP,0.0.0.0:50300,*:*,none,14208,none,1
UDP,0.0.0.0:52078,*:*,none,14208,none,1
UDP,0.0.0.0:55908,*:*,none,13900,none,1
UDP,0.0.0.0:57621,*:*,none,2900,none,1
UDP,0.0.0.0:61141,*:*,none,14208,none,1
UDP,0.0.0.0:61926,*:*,none,3032,none,1
UDP,0.0.0.0:62310,*:*,none,14208,none,1
UDP,0.0.0.0:63235,*:*,none,4672,none,1
UDP,0.0.0.0:64683,*:*,none,3032,none,1
UDP,127.0.0.1:1900,*:*,none,3252,none,1
UDP,127.0.0.1:48401,*:*,none,16132,none,1
UDP,127.0.0.1:50948,*:*,none,4672,none,1
UDP,127.0.0.1:50949,*:*,none,4672,none,1
UDP,127.0.0.1:50950,*:*,none,4672,none,1
UDP,127.0.0.1:52316,*:*,none,5144,none,1
UDP,127.0.0.1:53217,*:*,none,16132,none,1
UDP,127.0.0.1:53220,*:*,none,16132,none,1
UDP,127.0.0.1:53221,*:*,none,13116,none,1
UDP,127.0.0.1:53222,*:*,none,15012,none,1
UDP,127.0.0.1:54194,*:*,none,16132,none,1
UDP,127.0.0.1:55906,*:*,none,13900,none,1
UDP,127.0.0.1:58440,*:*,none,444,none,1
UDP,127.0.0.1:61466,*:*,none,8244,none,1
UDP,127.0.0.1:63204,*:*,none,3252,none,1
UDP,127.0.0.1:64794,*:*,none,16132,none,1
UDP,127.0.0.1:64795,*:*,none,16132,none,1
UDP,127.0.0.1:65000,*:*,none,4672,none,1
UDP,192.168.1.34:137,*:*,none,4,none,1
UDP,192.168.1.34:138,*:*,none,4,none,1
UDP,192.168.1.34:1900,*:*,none,3252,none,1
UDP,192.168.1.34:5353,*:*,none,4672,none,1
UDP,192.168.1.34:63201,*:*,none,3252,none,1
UDP,192.168.43.1:137,*:*,none,4,none,1
UDP,192.168.43.1:138,*:*,none,4,none,1
UDP,192.168.43.1:1900,*:*,none,3252,none,1
UDP,192.168.43.1:5353,*:*,none,4672,none,1
UDP,192.168.43.1:63203,*:*,none,3252,none,1
UDP,192.168.222.1:137,*:*,none,4,none,1
UDP,192.168.222.1:138,*:*,none,4,none,1
UDP,192.168.222.1:1900,*:*,none,3252,none,1
UDP,192.168.222.1:5353,*:*,none,4672,none,1
UDP,192.168.222.1:63202,*:*,none,3252,none,1
UDP,[::]:500,*:*,none,3020,none,1
UDP,[::]:3702,*:*,none,3032,none,1
UDP,[::]:3702,*:*,none,3032,none,1
UDP,[::]:4500,*:*,none,3020,none,1
UDP,[::]:5353,*:*,none,14208,none,1
UDP,[::]:5353,*:*,none,2580,none,1
UDP,[::]:5353,*:*,none,14208,none,1
UDP,[::]:5353,*:*,none,14208,none,1
UDP,[::]:5355,*:*,none,2580,none,1
UDP,[::]:49980,*:*,none,12500,none,1
UDP,[::]:61927,*:*,none,3032,none,1
UDP,[::]:63236,*:*,none,4672,none,1
UDP,[::]:64684,*:*,none,3032,none,1
UDP,[::1]:1900,*:*,none,3252,none,1
UDP,[::1]:5353,*:*,none,4672,none,1
UDP,[::1]:63200,*:*,none,3252,none,1
UDP,[fe80::103e:6d48:6a90:8b8c%19]:1900,*:*,none,3252,none,1
UDP,[fe80::103e:6d48:6a90:8b8c%19]:63199,*:*,none,3252,none,1
UDP,[fe80::c1e0:910e:eb07:65a2%20]:1900,*:*,none,3252,none,1
UDP,[fe80::c1e0:910e:eb07:65a2%20]:63197,*:*,none,3252,none,1
UDP,[fe80::dd48:69cf:ec4f:a483%3]:1900,*:*,none,3252,none,1
UDP,[fe80::dd48:69cf:ec4f:a483%3]:63198,*:*,none,3252,none,1