TCP,0.0.0.0:135,0.0.0.0:0,LISTENING,676,InHost
TCP,0.0.0.0:443,0.0.0.0:0,LISTENING,11068,InHost
TCP,0.0.0.0:445,0.0.0.0:0,LISTENING,4,InHost
TCP,0.0.0.0:902,0.0.0.0:0,LISTENING,5860,InHost
TCP,0.0.0.0:912,0.0.0.0:0,LISTENING,5860,InHost
TCP,0.0.0.0:5040,0.0.0.0:0,LISTENING,8048,InHost
TCP,0.0.0.0:49664,0.0.0.0:0,LISTENING,852,InHost
TCP,0.0.0.0:49665,0.0.0.0:0,LISTENING,1528,InHost
TCP,0.0.0.0:49666,0.0.0.0:0,LISTENING,1340,InHost
TCP,0.0.0.0:49667,0.0.0.0:0,LISTENING,4724,InHost
TCP,0.0.0.0:49671,0.0.0.0:0,LISTENING,940,InHost
TCP,0.0.0.0:49706,0.0.0.0:0,LISTENING,928,InHost
TCP,127.0.0.1:443,127.0.0.1:49869,ESTABLISHED,11068,InHost
TCP,127.0.0.1:443,127.0.0.1:50912,FIN_WAIT_2,11068,InHost
TCP,127.0.0.1:8307,0.0.0.0:0,LISTENING,11068,InHost
TCP,127.0.0.1:10501,127.0.0.1:50388,ESTABLISHED,8852,InHost
TCP,127.0.0.1:10502,127.0.0.1:50389,ESTABLISHED,8852,InHost
TCP,127.0.0.1:12025,0.0.0.0:0,LISTENING,4440,InHost
TCP,127.0.0.1:12110,0.0.0.0:0,LISTENING,4440,InHost
TCP,127.0.0.1:12119,0.0.0.0:0,LISTENING,4440,InHost
TCP,127.0.0.1:12143,0.0.0.0:0,LISTENING,4440,InHost
TCP,127.0.0.1:12465,0.0.0.0:0,LISTENING,4440,InHost
TCP,127.0.0.1:12563,0.0.0.0:0,LISTENING,4440,InHost
TCP,127.0.0.1:12993,0.0.0.0:0,LISTENING,4440,InHost
TCP,127.0.0.1:12995,0.0.0.0:0,LISTENING,4440,InHost
TCP,127.0.0.1:27275,0.0.0.0:0,LISTENING,4440,InHost
TCP,127.0.0.1:49869,127.0.0.1:443,ESTABLISHED,12864,InHost
TCP,127.0.0.1:49905,127.0.0.1:65001,ESTABLISHED,4976,InHost
TCP,127.0.0.1:49906,0.0.0.0:0,LISTENING,11288,InHost
TCP,127.0.0.1:49906,127.0.0.1:51150,ESTABLISHED,11288,InHost
TCP,127.0.0.1:49906,127.0.0.1:51155,ESTABLISHED,11288,InHost
TCP,127.0.0.1:49906,127.0.0.1:51162,ESTABLISHED,11288,InHost
TCP,127.0.0.1:49906,127.0.0.1:51170,ESTABLISHED,11288,InHost
TCP,127.0.0.1:49906,127.0.0.1:51174,ESTABLISHED,11288,InHost
TCP,127.0.0.1:49906,127.0.0.1:51183,ESTABLISHED,11288,InHost
TCP,127.0.0.1:50366,0.0.0.0:0,LISTENING,8852,InHost
TCP,127.0.0.1:50366,127.0.0.1:50370,ESTABLISHED,8852,InHost
TCP,127.0.0.1:50366,127.0.0.1:50384,ESTABLISHED,8852,InHost
TCP,127.0.0.1:50366,127.0.0.1:50387,ESTABLISHED,8852,InHost
TCP,127.0.0.1:50370,127.0.0.1:50366,ESTABLISHED,6532,InHost
TCP,127.0.0.1:50384,127.0.0.1:50366,ESTABLISHED,6532,InHost
TCP,127.0.0.1:50387,127.0.0.1:50366,ESTABLISHED,6532,InHost
TCP,127.0.0.1:50388,127.0.0.1:10501,ESTABLISHED,8852,InHost
TCP,127.0.0.1:50389,127.0.0.1:10502,ESTABLISHED,8852,InHost
TCP,127.0.0.1:50912,127.0.0.1:443,CLOSE_WAIT,12864,InHost
TCP,127.0.0.1:51011,0.0.0.0:0,LISTENING,13628,InHost
TCP,127.0.0.1:51011,127.0.0.1:51223,ESTABLISHED,13628,InHost
TCP,127.0.0.1:51150,127.0.0.1:49906,ESTABLISHED,12672,InHost
TCP,127.0.0.1:51155,127.0.0.1:49906,ESTABLISHED,12672,InHost
TCP,127.0.0.1:51162,127.0.0.1:49906,ESTABLISHED,12672,InHost
TCP,127.0.0.1:51170,127.0.0.1:49906,ESTABLISHED,12672,InHost
TCP,127.0.0.1:51174,127.0.0.1:49906,ESTABLISHED,12672,InHost
TCP,127.0.0.1:51183,127.0.0.1:49906,ESTABLISHED,12672,InHost
TCP,127.0.0.1:51223,127.0.0.1:51011,ESTABLISHED,9516,InHost
TCP,127.0.0.1:65000,0.0.0.0:0,LISTENING,4976,InHost
TCP,127.0.0.1:65001,0.0.0.0:0,LISTENING,4976,InHost
TCP,127.0.0.1:65001,127.0.0.1:49905,ESTABLISHED,4976,InHost
TCP,192.168.1.62:139,0.0.0.0:0,LISTENING,4,InHost
TCP,192.168.1.62:49804,52.165.171.165:443,ESTABLISHED,11088,InHost
TCP,192.168.1.62:49874,23.45.8.53:443,ESTABLISHED,12864,InHost
TCP,192.168.1.62:50412,66.151.33.24:2099,ESTABLISHED,8852,InHost
TCP,192.168.1.62:50415,66.151.33.248:5223,ESTABLISHED,8852,InHost
TCP,192.168.1.62:50446,151.101.205.62:443,ESTABLISHED,8852,InHost
TCP,192.168.1.62:50463,77.234.42.247:80,ESTABLISHED,4440,InHost
TCP,192.168.1.62:50486,77.234.44.64:443,CLOSE_WAIT,4440,InHost
TCP,192.168.1.62:50751,104.244.42.129:443,ESTABLISHED,8248,InHost
TCP,192.168.1.62:50757,199.16.157.105:443,ESTABLISHED,8248,InHost
TCP,192.168.1.62:50758,199.16.156.232:443,ESTABLISHED,8248,InHost
TCP,192.168.1.62:50760,104.244.42.2:443,ESTABLISHED,8248,InHost
TCP,192.168.1.62:50762,104.244.42.2:443,ESTABLISHED,8248,InHost
TCP,192.168.1.62:50794,52.165.175.144:443,ESTABLISHED,5052,InHost
TCP,192.168.1.62:50846,172.217.5.243:443,ESTABLISHED,8248,InHost
TCP,192.168.1.62:50929,173.194.68.188:5228,ESTABLISHED,8248,InHost
TCP,192.168.1.62:51024,72.21.91.70:443,ESTABLISHED,8248,InHost
TCP,192.168.1.62:51095,151.101.58.109:443,ESTABLISHED,8248,InHost
TCP,192.168.1.62:51104,104.16.199.132:443,ESTABLISHED,8852,InHost
TCP,192.168.1.62:51119,104.244.46.39:443,ESTABLISHED,8248,InHost
TCP,192.168.1.62:51121,192.229.210.163:443,ESTABLISHED,8248,InHost
TCP,192.168.1.62:51128,104.16.151.231:443,ESTABLISHED,8852,InHost
TCP,192.168.1.62:51129,199.16.156.75:443,ESTABLISHED,8248,InHost
TCP,192.168.1.62:51156,199.16.156.200:443,ESTABLISHED,8248,InHost
TCP,192.168.1.62:51178,52.239.151.138:443,TIME_WAIT,0,InHost
TCP,192.168.1.62:51180,52.232.69.150:443,TIME_WAIT,0,InHost
TCP,192.168.1.62:51188,40.77.228.47:443,ESTABLISHED,1868,InHost
TCP,192.168.1.62:51191,192.30.253.112:443,CLOSE_WAIT,8248,InHost
TCP,192.168.1.62:51192,151.101.56.133:443,ESTABLISHED,8248,InHost
TCP,192.168.1.62:51193,151.101.56.133:443,ESTABLISHED,8248,InHost
TCP,192.168.1.62:51194,151.101.56.133:443,ESTABLISHED,8248,InHost
TCP,192.168.1.62:51195,151.101.56.133:443,ESTABLISHED,8248,InHost
TCP,192.168.1.62:51196,151.101.56.133:443,ESTABLISHED,8248,InHost
TCP,192.168.1.62:51197,151.101.56.133:443,ESTABLISHED,8248,InHost
TCP,192.168.1.62:51198,151.101.56.133:443,ESTABLISHED,8248,InHost
TCP,192.168.1.62:51199,151.101.56.133:443,ESTABLISHED,8248,InHost
TCP,192.168.1.62:51200,151.101.56.133:443,ESTABLISHED,8248,InHost
TCP,192.168.1.62:51201,151.101.56.133:443,ESTABLISHED,8248,InHost
TCP,192.168.1.62:51202,192.30.253.112:443,CLOSE_WAIT,8248,InHost
TCP,192.168.1.62:51203,192.30.253.112:443,CLOSE_WAIT,8248,InHost
TCP,192.168.1.62:51206,151.101.56.133:443,ESTABLISHED,8248,InHost
TCP,192.168.1.62:51207,151.101.56.133:443,ESTABLISHED,8248,InHost
TCP,192.168.1.62:51208,52.21.179.243:443,CLOSE_WAIT,8248,InHost
TCP,192.168.1.62:51213,192.30.253.117:443,CLOSE_WAIT,8248,InHost
TCP,192.168.43.1:139,0.0.0.0:0,LISTENING,4,InHost
TCP,192.168.222.1:139,0.0.0.0:0,LISTENING,4,InHost
TCP,[::]:135,[::]:0,LISTENING,676,InHost
TCP,[::]:443,[::]:0,LISTENING,11068,InHost
TCP,[::]:445,[::]:0,LISTENING,4,InHost
TCP,[::]:49664,[::]:0,LISTENING,852,InHost
TCP,[::]:49665,[::]:0,LISTENING,1528,InHost
TCP,[::]:49666,[::]:0,LISTENING,1340,InHost
TCP,[::]:49667,[::]:0,LISTENING,4724,InHost
TCP,[::]:49671,[::]:0,LISTENING,940,InHost
TCP,[::]:49706,[::]:0,LISTENING,928,InHost
TCP,[::1]:8307,[::]:0,LISTENING,11068,InHost
TCP,[::1]:8307,[::1]:49875,ESTABLISHED,11068,InHost
TCP,[::1]:8307,[::1]:50913,TIME_WAIT,0,InHost
TCP,[::1]:12025,[::]:0,LISTENING,4440,InHost
TCP,[::1]:12110,[::]:0,LISTENING,4440,InHost
TCP,[::1]:12119,[::]:0,LISTENING,4440,InHost
TCP,[::1]:12143,[::]:0,LISTENING,4440,InHost
TCP,[::1]:12465,[::]:0,LISTENING,4440,InHost
TCP,[::1]:12563,[::]:0,LISTENING,4440,InHost
TCP,[::1]:12993,[::]:0,LISTENING,4440,InHost
TCP,[::1]:12995,[::]:0,LISTENING,4440,InHost
TCP,[::1]:27275,[::]:0,LISTENING,4440,InHost
TCP,[::1]:49870,[::1]:49871,ESTABLISHED,12864,InHost
TCP,[::1]:49871,[::1]:49870,ESTABLISHED,12864,InHost
TCP,[::1]:49875,[::1]:8307,ESTABLISHED,11068,InHost
UDP,0.0.0.0:500,*:*,none,4996,none
UDP,0.0.0.0:3702,*:*,none,2372,none
UDP,0.0.0.0:3702,*:*,none,2372,none
UDP,0.0.0.0:4500,*:*,none,4996,none
UDP,0.0.0.0:5050,*:*,none,8048,none
UDP,0.0.0.0:5353,*:*,none,8248,none
UDP,0.0.0.0:5353,*:*,none,8248,none
UDP,0.0.0.0:5353,*:*,none,8248,none
UDP,0.0.0.0:5353,*:*,none,8248,none
UDP,0.0.0.0:5353,*:*,none,8248,none
UDP,0.0.0.0:5353,*:*,none,2840,none
UDP,0.0.0.0:5353,*:*,none,8248,none
UDP,0.0.0.0:5355,*:*,none,2840,none
UDP,0.0.0.0:21702,*:*,none,8852,none
UDP,0.0.0.0:56788,*:*,none,9272,none
UDP,0.0.0.0:57043,*:*,none,8248,none
UDP,0.0.0.0:58536,*:*,none,2372,none
UDP,0.0.0.0:60668,*:*,none,8248,none
UDP,0.0.0.0:61882,*:*,none,4440,none
UDP,0.0.0.0:63195,*:*,none,4976,none
UDP,0.0.0.0:64086,*:*,none,8248,none
UDP,127.0.0.1:1900,*:*,none,3200,none
UDP,127.0.0.1:48201,*:*,none,11288,none
UDP,127.0.0.1:50524,*:*,none,3892,none
UDP,127.0.0.1:53236,*:*,none,3200,none
UDP,127.0.0.1:56488,*:*,none,4976,none
UDP,127.0.0.1:56489,*:*,none,4976,none
UDP,127.0.0.1:56490,*:*,none,4976,none
UDP,127.0.0.1:58538,*:*,none,844,none
UDP,127.0.0.1:61880,*:*,none,4440,none
UDP,127.0.0.1:63191,*:*,none,11288,none
UDP,127.0.0.1:63192,*:*,none,11256,none
UDP,127.0.0.1:63193,*:*,none,11288,none
UDP,127.0.0.1:63194,*:*,none,12672,none
UDP,127.0.0.1:63584,*:*,none,11288,none
UDP,127.0.0.1:63585,*:*,none,11288,none
UDP,127.0.0.1:63586,*:*,none,11288,none
UDP,127.0.0.1:63992,*:*,none,3988,none
UDP,127.0.0.1:65000,*:*,none,4976,none
UDP,192.168.1.62:137,*:*,none,4,none
UDP,192.168.1.62:138,*:*,none,4,none
UDP,192.168.1.62:1900,*:*,none,3200,none
UDP,192.168.1.62:5353,*:*,none,4976,none
UDP,192.168.1.62:53235,*:*,none,3200,none
UDP,192.168.43.1:137,*:*,none,4,none
UDP,192.168.43.1:138,*:*,none,4,none
UDP,192.168.43.1:1900,*:*,none,3200,none
UDP,192.168.43.1:5353,*:*,none,4976,none
UDP,192.168.43.1:53234,*:*,none,3200,none
UDP,192.168.222.1:137,*:*,none,4,none
UDP,192.168.222.1:138,*:*,none,4,none
UDP,192.168.222.1:1900,*:*,none,3200,none
UDP,192.168.222.1:5353,*:*,none,4976,none
UDP,192.168.222.1:53233,*:*,none,3200,none
UDP,[::]:500,*:*,none,4996,none
UDP,[::]:3702,*:*,none,2372,none
UDP,[::]:3702,*:*,none,2372,none
UDP,[::]:4500,*:*,none,4996,none
UDP,[::]:5353,*:*,none,2840,none
UDP,[::]:5353,*:*,none,8248,none
UDP,[::]:5353,*:*,none,8248,none
UDP,[::]:5353,*:*,none,8248,none
UDP,[::]:5355,*:*,none,2840,none
UDP,[::]:56788,*:*,none,9272,none
UDP,[::]:58537,*:*,none,2372,none
UDP,[::]:63196,*:*,none,4976,none
UDP,[::1]:1900,*:*,none,3200,none
UDP,[::1]:5353,*:*,none,4976,none
UDP,[::1]:53232,*:*,none,3200,none
UDP,[fe80::103e:6d48:6a90:8b8c%19]:1900,*:*,none,3200,none
UDP,[fe80::103e:6d48:6a90:8b8c%19]:53230,*:*,none,3200,none
UDP,[fe80::a1b0:84b0:8c37:6a87%16]:1900,*:*,none,3200,none
UDP,[fe80::a1b0:84b0:8c37:6a87%16]:53231,*:*,none,3200,none
UDP,[fe80::dd48:69cf:ec4f:a483%3]:1900,*:*,none,3200,none
UDP,[fe80::dd48:69cf:ec4f:a483%3]:53229,*:*,none,3200,none
